,h2,h3,h4,wave,method,h3_cln,h4_cln,hhid,commid,t1,t2,t3,t4,t5
23,5.0,5000.0,4000.0,2009.0,,,,211102018.0,211102.0,21.0,1.0,1.0,2.0,18.0
25,1.0,1200.0,600.0,2009.0,,,,211103013.0,211103.0,21.0,1.0,1.0,3.0,13.0
29,1.0,500.0,0.0,2009.0,,,,211103083.0,211103.0,21.0,1.0,1.0,3.0,83.0
34,1.0,900.0,200.0,2009.0,,,,211103091.0,211103.0,21.0,1.0,1.0,3.0,91.0
36,2.0,200.0,80.0,2009.0,,,,211103091.0,211103.0,21.0,1.0,1.0,3.0,91.0
37,1.0,1000.0,200.0,2009.0,,,,211103095.0,211103.0,21.0,1.0,1.0,3.0,95.0
52,1.0,2000.0,700.0,2009.0,,,,211104016.0,211104.0,21.0,1.0,1.0,4.0,16.0
56,4.0,2000.0,0.0,2009.0,,,,211104016.0,211104.0,21.0,1.0,1.0,4.0,16.0
62,6.0,1000.0,200.0,2009.0,,,,211104020.0,211104.0,21.0,1.0,1.0,4.0,20.0
65,1.0,2000.0,1000.0,2009.0,,,,211104081.0,211104.0,21.0,1.0,1.0,4.0,81.0
68,1.0,1000.0,0.0,2009.0,,,,211104123.0,211104.0,21.0,1.0,1.0,4.0,123.0
76,2.0,3000.0,1000.0,2009.0,,,,211202125.0,211202.0,21.0,1.0,2.0,2.0,125.0
78,5.0,2000.0,-9999.0,2009.0,,,,211202129.0,211202.0,21.0,1.0,2.0,2.0,129.0
84,2.0,1000.0,20.0,2009.0,,,,211204003.0,211204.0,21.0,1.0,2.0,4.0,3.0
90,2.0,600.0,30.0,2009.0,,,,211204072.0,211204.0,21.0,1.0,2.0,4.0,72.0
93,4.0,2000.0,0.0,2009.0,,,,211204121.0,211204.0,21.0,1.0,2.0,4.0,121.0
102,2.0,-9999.0,-9999.0,2009.0,,,,211208018.0,211208.0,21.0,1.0,2.0,8.0,18.0
106,2.0,-9999.0,-9999.0,2009.0,,,,211208081.0,211208.0,21.0,1.0,2.0,8.0,81.0
112,1.0,4000.0,2000.0,2009.0,,,,212101062.0,212101.0,21.0,2.0,1.0,1.0,62.0
116,2.0,3000.0,1500.0,2009.0,,,,212101073.0,212101.0,21.0,2.0,1.0,1.0,73.0
118,1.0,6000.0,2000.0,2009.0,,,,212101081.0,212101.0,21.0,2.0,1.0,1.0,81.0
122,5.0,3000.0,1500.0,2009.0,,,,212101082.0,212101.0,21.0,2.0,1.0,1.0,82.0
124,1.0,700.0,500.0,2009.0,,,,212102001.0,212102.0,21.0,2.0,1.0,2.0,1.0
128,4.0,500.0,100.0,2009.0,,,,212102003.0,212102.0,21.0,2.0,1.0,2.0,3.0
141,2.0,15000.0,2000.0,2009.0,,,,212102014.0,212102.0,21.0,2.0,1.0,2.0,14.0
145,1.0,1000.0,300.0,2009.0,,,,212102018.0,212102.0,21.0,2.0,1.0,2.0,18.0
151,5.0,1000.0,0.0,2009.0,,,,212102086.0,212102.0,21.0,2.0,1.0,2.0,86.0
159,6.0,1500.0,750.0,2009.0,,,,212103003.0,212103.0,21.0,2.0,1.0,3.0,3.0
168,1.0,1500.0,500.0,2009.0,,,,212103015.0,212103.0,21.0,2.0,1.0,3.0,15.0
171,1.0,2500.0,800.0,2009.0,,,,212103020.0,212103.0,21.0,2.0,1.0,3.0,20.0
175,5.0,3000.0,0.0,2009.0,,,,212103062.0,212103.0,21.0,2.0,1.0,3.0,62.0
181,3.0,2000.0,1000.0,2009.0,,,,212103063.0,212103.0,21.0,2.0,1.0,3.0,63.0
184,1.0,3000.0,1000.0,2009.0,,,,212103064.0,212103.0,21.0,2.0,1.0,3.0,64.0
192,1.0,4500.0,400.0,2009.0,,,,212103084.0,212103.0,21.0,2.0,1.0,3.0,84.0
196,2.0,2000.0,1000.0,2009.0,,,,212103084.0,212103.0,21.0,2.0,1.0,3.0,84.0
206,4.0,650.0,0.0,2009.0,,,,212104003.0,212104.0,21.0,2.0,1.0,4.0,3.0
221,2.0,5000.0,3000.0,2009.0,,,,212104061.0,212104.0,21.0,2.0,1.0,4.0,61.0
223,6.0,10000.0,5000.0,2009.0,,,,212104062.0,212104.0,21.0,2.0,1.0,4.0,62.0
231,2.0,1500.0,200.0,2009.0,,,,212201003.0,212201.0,21.0,2.0,2.0,1.0,3.0
236,5.0,1500.0,500.0,2009.0,,,,212201007.0,212201.0,21.0,2.0,2.0,1.0,7.0
244,2.0,1500.0,500.0,2009.0,,,,212201012.0,212201.0,21.0,2.0,2.0,1.0,12.0
251,2.0,900.0,0.0,2009.0,,,,212201017.0,212201.0,21.0,2.0,2.0,1.0,17.0
257,1.0,3000.0,1000.0,2009.0,,,,212201018.0,212201.0,21.0,2.0,2.0,1.0,18.0
263,2.0,2000.0,500.0,2009.0,,,,212201019.0,212201.0,21.0,2.0,2.0,1.0,19.0
270,2.0,1000.0,500.0,2009.0,,,,212201067.0,212201.0,21.0,2.0,2.0,1.0,67.0
288,5.0,1200.0,0.0,2009.0,,,,212202006.0,212202.0,21.0,2.0,2.0,2.0,6.0
290,2.0,900.0,300.0,2009.0,,,,212202009.0,212202.0,21.0,2.0,2.0,2.0,9.0
304,2.0,2000.0,300.0,2009.0,,,,212202063.0,212202.0,21.0,2.0,2.0,2.0,63.0
308,1.0,1500.0,1000.0,2009.0,,,,212202081.0,212202.0,21.0,2.0,2.0,2.0,81.0
309,2.0,700.0,100.0,2009.0,,,,212202121.0,212202.0,21.0,2.0,2.0,2.0,121.0
313,5.0,2500.0,1000.0,2009.0,,,,212203001.0,212203.0,21.0,2.0,2.0,3.0,1.0
334,2.0,700.0,100.0,2009.0,,,,212203018.0,212203.0,21.0,2.0,2.0,3.0,18.0
338,4.0,1000.0,500.0,2009.0,,,,212203101.0,212203.0,21.0,2.0,2.0,3.0,101.0
352,4.0,3000.0,300.0,2009.0,,,,212204009.0,212204.0,21.0,2.0,2.0,4.0,9.0
356,1.0,1500.0,2000.0,2009.0,,,,212204011.0,212204.0,21.0,2.0,2.0,4.0,11.0
375,2.0,400.0,200.0,2009.0,,,,212204061.0,212204.0,21.0,2.0,2.0,4.0,61.0
384,2.0,500.0,200.0,2009.0,,,,212204064.0,212204.0,21.0,2.0,2.0,4.0,64.0
393,2.0,1500.0,100.0,2009.0,,,,212204066.0,212204.0,21.0,2.0,2.0,4.0,66.0
397,2.0,5000.0,200.0,2009.0,,,,212204068.0,212204.0,21.0,2.0,2.0,4.0,68.0
405,2.0,2500.0,200.0,2009.0,,,,212204081.0,212204.0,21.0,2.0,2.0,4.0,81.0
423,2.0,5000.0,1500.0,2009.0,,,,212302010.0,212302.0,21.0,2.0,3.0,2.0,10.0
436,2.0,100.0,100.0,2009.0,,,,212302013.0,212302.0,21.0,2.0,3.0,2.0,13.0
438,1.0,1500.0,1000.0,2009.0,,,,212302016.0,212302.0,21.0,2.0,3.0,2.0,16.0
448,2.0,5000.0,1500.0,2009.0,,,,212302017.0,212302.0,21.0,2.0,3.0,2.0,17.0
454,2.0,1200.0,200.0,2009.0,,,,212302122.0,212302.0,21.0,2.0,3.0,2.0,122.0
456,2.0,500.0,0.0,2009.0,,,,212303001.0,212303.0,21.0,2.0,3.0,3.0,1.0
469,2.0,4000.0,2000.0,2009.0,,,,212303006.0,212303.0,21.0,2.0,3.0,3.0,6.0
473,3.0,1000.0,300.0,2009.0,,,,212303006.0,212303.0,21.0,2.0,3.0,3.0,6.0
498,1.0,2000.0,600.0,2009.0,,,,212303016.0,212303.0,21.0,2.0,3.0,3.0,16.0
505,2.0,5000.0,1000.0,2009.0,,,,212303017.0,212303.0,21.0,2.0,3.0,3.0,17.0
508,1.0,4000.0,1000.0,2009.0,,,,212303018.0,212303.0,21.0,2.0,3.0,3.0,18.0
516,3.0,3500.0,1500.0,2009.0,,,,212303020.0,212303.0,21.0,2.0,3.0,3.0,20.0
521,1.0,2500.0,500.0,2009.0,,,,212303061.0,212303.0,21.0,2.0,3.0,3.0,61.0
525,2.0,2500.0,1000.0,2009.0,,,,212303081.0,212303.0,21.0,2.0,3.0,3.0,81.0
528,6.0,100.0,10.0,2009.0,,,,212303081.0,212303.0,21.0,2.0,3.0,3.0,81.0
535,1.0,2000.0,200.0,2009.0,,,,212303084.0,212303.0,21.0,2.0,3.0,3.0,84.0
544,1.0,1500.0,0.0,2009.0,,,,212304014.0,212304.0,21.0,2.0,3.0,4.0,14.0
548,2.0,100.0,10.0,2009.0,,,,212304015.0,212304.0,21.0,2.0,3.0,4.0,15.0
561,2.0,2000.0,1000.0,2009.0,,,,212304064.0,212304.0,21.0,2.0,3.0,4.0,64.0
564,3.0,2500.0,0.0,2009.0,,,,212304081.0,212304.0,21.0,2.0,3.0,4.0,81.0
565,2.0,1000.0,200.0,2009.0,,,,212304121.0,212304.0,21.0,2.0,3.0,4.0,121.0
570,2.0,8000.0,4000.0,2009.0,,,,212401072.0,212401.0,21.0,2.0,4.0,1.0,72.0
575,2.0,3000.0,1000.0,2009.0,,,,212401125.0,212401.0,21.0,2.0,4.0,1.0,125.0
615,4.0,300.0,50.0,2009.0,,,,212402014.0,212402.0,21.0,2.0,4.0,2.0,14.0
618,1.0,10000.0,7000.0,2009.0,,,,212402016.0,212402.0,21.0,2.0,4.0,2.0,16.0
625,1.0,1500.0,150.0,2009.0,,,,212402019.0,212402.0,21.0,2.0,4.0,2.0,19.0
661,2.0,800.0,300.0,2009.0,,,,212403010.0,212403.0,21.0,2.0,4.0,3.0,10.0
667,4.0,3000.0,2200.0,2009.0,,,,212403011.0,212403.0,21.0,2.0,4.0,3.0,11.0
672,1.0,40000.0,30000.0,2009.0,,,,212403012.0,212403.0,21.0,2.0,4.0,3.0,12.0
691,1.0,20000.0,8000.0,2009.0,,,,212403062.0,212403.0,21.0,2.0,4.0,3.0,62.0
704,2.0,1200.0,600.0,2009.0,,,,212403123.0,212403.0,21.0,2.0,4.0,3.0,123.0
707,1.0,10000.0,7000.0,2009.0,,,,212403124.0,212403.0,21.0,2.0,4.0,3.0,124.0
721,4.0,5000.0,2000.0,2009.0,,,,212404004.0,212404.0,21.0,2.0,4.0,4.0,4.0
744,2.0,400.0,100.0,2009.0,,,,212404011.0,212404.0,21.0,2.0,4.0,4.0,11.0
753,6.0,1200.0,0.0,2009.0,,,,212404012.0,212404.0,21.0,2.0,4.0,4.0,12.0
761,1.0,500.0,50.0,2009.0,,,,212404015.0,212404.0,21.0,2.0,4.0,4.0,15.0
767,1.0,3000.0,1000.0,2009.0,,,,212404062.0,212404.0,21.0,2.0,4.0,4.0,62.0
772,2.0,2000.0,1200.0,2009.0,,,,212404064.0,212404.0,21.0,2.0,4.0,4.0,64.0
775,1.0,2000.0,0.0,2009.0,,,,212404121.0,212404.0,21.0,2.0,4.0,4.0,121.0
784,1.0,2000.0,1000.0,2009.0,,,,231102065.0,231102.0,23.0,1.0,1.0,2.0,65.0
787,2.0,1000.0,1500.0,2009.0,,,,231102086.0,231102.0,23.0,1.0,1.0,2.0,86.0
808,1.0,3000.0,1500.0,2009.0,,,,231104002.0,231104.0,23.0,1.0,1.0,4.0,2.0
813,2.0,200.0,,2009.0,,,,231104006.0,231104.0,23.0,1.0,1.0,4.0,6.0
816,3.0,4000.0,4000.0,2009.0,,,,231104009.0,231104.0,23.0,1.0,1.0,4.0,9.0
828,1.0,3000.0,2000.0,2009.0,,,,231104081.0,231104.0,23.0,1.0,1.0,4.0,81.0
839,2.0,1000.0,600.0,2009.0,,,,231203001.0,231203.0,23.0,1.0,2.0,3.0,1.0
841,5.0,700.0,200.0,2009.0,,,,231203001.0,231203.0,23.0,1.0,2.0,3.0,1.0
854,4.0,1200.0,300.0,2009.0,,,,231203082.0,231203.0,23.0,1.0,2.0,3.0,82.0
860,5.0,2000.0,60.0,2009.0,,,,231203121.0,231203.0,23.0,1.0,2.0,3.0,121.0
873,1.0,2000.0,1200.0,2009.0,,,,232102015.0,232102.0,23.0,2.0,1.0,2.0,15.0
888,1.0,2000.0,130.0,2009.0,,,,232103064.0,232103.0,23.0,2.0,1.0,3.0,64.0
907,6.0,20000.0,6000.0,2009.0,,,,232104014.0,232104.0,23.0,2.0,1.0,4.0,14.0
909,6.0,1000.0,500.0,2009.0,,,,232104064.0,232104.0,23.0,2.0,1.0,4.0,64.0
910,6.0,1600.0,0.0,2009.0,,,,232104083.0,232104.0,23.0,2.0,1.0,4.0,83.0
913,6.0,23000.0,16000.0,2009.0,,,,232104086.0,232104.0,23.0,2.0,1.0,4.0,86.0
914,6.0,2000.0,400.0,2009.0,,,,232104121.0,232104.0,23.0,2.0,1.0,4.0,121.0
917,1.0,1000.0,100.0,2009.0,,,,232202013.0,232202.0,23.0,2.0,2.0,2.0,13.0
920,2.0,1000.0,-9999.0,2009.0,,,,232202102.0,232202.0,23.0,2.0,2.0,2.0,102.0
921,5.0,2600.0,500.0,2009.0,,,,232202103.0,232202.0,23.0,2.0,2.0,2.0,103.0
922,4.0,800.0,100.0,2009.0,,,,232202104.0,232202.0,23.0,2.0,2.0,2.0,104.0
926,1.0,1700.0,100.0,2009.0,,,,232203010.0,232203.0,23.0,2.0,2.0,3.0,10.0
930,1.0,1500.0,300.0,2009.0,,,,232203124.0,232203.0,23.0,2.0,2.0,3.0,124.0
931,1.0,1500.0,500.0,2009.0,,,,232204017.0,232204.0,23.0,2.0,2.0,4.0,17.0
932,2.0,1000.0,500.0,2009.0,,,,232204017.0,232204.0,23.0,2.0,2.0,4.0,17.0
937,2.0,1500.0,300.0,2009.0,,,,232204086.0,232204.0,23.0,2.0,2.0,4.0,86.0
941,2.0,3000.0,0.0,2009.0,,,,232205064.0,232205.0,23.0,2.0,2.0,5.0,64.0
949,2.0,1500.0,200.0,2009.0,,,,232205069.0,232205.0,23.0,2.0,2.0,5.0,69.0
951,2.0,1500.0,400.0,2009.0,,,,232205121.0,232205.0,23.0,2.0,2.0,5.0,121.0
954,4.0,2000.0,700.0,2009.0,,,,232302017.0,232302.0,23.0,2.0,3.0,2.0,17.0
956,4.0,2000.0,700.0,2009.0,,,,232302121.0,232302.0,23.0,2.0,3.0,2.0,121.0
965,6.0,5000.0,0.0,2009.0,,,,232303019.0,232303.0,23.0,2.0,3.0,3.0,19.0
968,1.0,1200.0,200.0,2009.0,,,,232304007.0,232304.0,23.0,2.0,3.0,4.0,7.0
970,1.0,500.0,300.0,2009.0,,,,232304010.0,232304.0,23.0,2.0,3.0,4.0,10.0
973,5.0,3000.0,0.0,2009.0,,,,232304101.0,232304.0,23.0,2.0,3.0,4.0,101.0
975,4.0,5000.0,1000.0,2009.0,,,,232401008.0,232401.0,23.0,2.0,4.0,1.0,8.0
979,2.0,2000.0,200.0,2009.0,,,,232402001.0,232402.0,23.0,2.0,4.0,2.0,1.0
984,5.0,10000.0,-9999.0,2009.0,,,,232402012.0,232402.0,23.0,2.0,4.0,2.0,12.0
1004,1.0,1000.0,300.0,2009.0,,,,232404001.0,232404.0,23.0,2.0,4.0,4.0,1.0
1010,1.0,5000.0,2000.0,2009.0,,,,232404011.0,232404.0,23.0,2.0,4.0,4.0,11.0
1017,2.0,3200.0,1000.0,2009.0,,,,232404014.0,232404.0,23.0,2.0,4.0,4.0,14.0
1022,5.0,10000.0,6000.0,2009.0,,,,232404015.0,232404.0,23.0,2.0,4.0,4.0,15.0
1070,1.0,1000.0,200.0,2009.0,,,,321203017.0,321203.0,32.0,1.0,2.0,3.0,17.0
1083,1.0,5000.0,-9999.0,2009.0,,,,321208011.0,321208.0,32.0,1.0,2.0,8.0,11.0
1107,5.0,3600.0,1500.0,2009.0,,,,322102002.0,322102.0,32.0,2.0,1.0,2.0,2.0
1115,5.0,2000.0,100.0,2009.0,,,,322102006.0,322102.0,32.0,2.0,1.0,2.0,6.0
1117,4.0,3000.0,1000.0,2009.0,,,,322102007.0,322102.0,32.0,2.0,1.0,2.0,7.0
1120,4.0,2000.0,700.0,2009.0,,,,322102008.0,322102.0,32.0,2.0,1.0,2.0,8.0
1121,5.0,1000.0,300.0,2009.0,,,,322102009.0,322102.0,32.0,2.0,1.0,2.0,9.0
1124,5.0,1500.0,450.0,2009.0,,,,322102011.0,322102.0,32.0,2.0,1.0,2.0,11.0
1127,4.0,500.0,100.0,2009.0,,,,322102012.0,322102.0,32.0,2.0,1.0,2.0,12.0
1128,5.0,3600.0,1200.0,2009.0,,,,322102013.0,322102.0,32.0,2.0,1.0,2.0,13.0
1129,2.0,1800.0,600.0,2009.0,,,,322102014.0,322102.0,32.0,2.0,1.0,2.0,14.0
1131,4.0,1000.0,400.0,2009.0,,,,322102015.0,322102.0,32.0,2.0,1.0,2.0,15.0
1134,4.0,3000.0,1000.0,2009.0,,,,322102017.0,322102.0,32.0,2.0,1.0,2.0,17.0
1136,5.0,1200.0,400.0,2009.0,,,,322102017.0,322102.0,32.0,2.0,1.0,2.0,17.0
1137,5.0,2000.0,400.0,2009.0,,,,322102018.0,322102.0,32.0,2.0,1.0,2.0,18.0
1139,3.0,2000.0,500.0,2009.0,,,,322102021.0,322102.0,32.0,2.0,1.0,2.0,21.0
1146,4.0,1200.0,100.0,2009.0,,,,322103002.0,322103.0,32.0,2.0,1.0,3.0,2.0
1147,3.0,3400.0,400.0,2009.0,,,,322103003.0,322103.0,32.0,2.0,1.0,3.0,3.0
1150,4.0,1000.0,0.0,2009.0,,,,322103003.0,322103.0,32.0,2.0,1.0,3.0,3.0
1154,6.0,3000.0,1000.0,2009.0,,,,322103004.0,322103.0,32.0,2.0,1.0,3.0,4.0
1158,4.0,1500.0,400.0,2009.0,,,,322103006.0,322103.0,32.0,2.0,1.0,3.0,6.0
1166,4.0,1500.0,80.0,2009.0,,,,322103008.0,322103.0,32.0,2.0,1.0,3.0,8.0
1179,3.0,800.0,500.0,2009.0,,,,322103015.0,322103.0,32.0,2.0,1.0,3.0,15.0
1188,5.0,2000.0,500.0,2009.0,,,,322103016.0,322103.0,32.0,2.0,1.0,3.0,16.0
1194,2.0,1500.0,500.0,2009.0,,,,322103018.0,322103.0,32.0,2.0,1.0,3.0,18.0
1200,2.0,1000.0,400.0,2009.0,,,,322104006.0,322104.0,32.0,2.0,1.0,4.0,6.0
1203,5.0,1300.0,500.0,2009.0,,,,322104006.0,322104.0,32.0,2.0,1.0,4.0,6.0
1207,1.0,1500.0,150.0,2009.0,,,,322104009.0,322104.0,32.0,2.0,1.0,4.0,9.0
1211,2.0,2000.0,100.0,2009.0,,,,322104009.0,322104.0,32.0,2.0,1.0,4.0,9.0
1215,5.0,2500.0,400.0,2009.0,,,,322104010.0,322104.0,32.0,2.0,1.0,4.0,10.0
1216,5.0,5000.0,2000.0,2009.0,,,,322104011.0,322104.0,32.0,2.0,1.0,4.0,11.0
1218,2.0,500.0,100.0,2009.0,,,,322104012.0,322104.0,32.0,2.0,1.0,4.0,12.0
1219,3.0,5000.0,1500.0,2009.0,,,,322104012.0,322104.0,32.0,2.0,1.0,4.0,12.0
1221,5.0,5000.0,400.0,2009.0,,,,322104018.0,322104.0,32.0,2.0,1.0,4.0,18.0
1228,5.0,1800.0,300.0,2009.0,,,,322104062.0,322104.0,32.0,2.0,1.0,4.0,62.0
1233,1.0,1900.0,800.0,2009.0,,,,322104101.0,322104.0,32.0,2.0,1.0,4.0,101.0
1234,3.0,1500.0,500.0,2009.0,,,,322104121.0,322104.0,32.0,2.0,1.0,4.0,121.0
1235,5.0,2000.0,400.0,2009.0,,,,322104123.0,322104.0,32.0,2.0,1.0,4.0,123.0
1236,2.0,4000.0,2000.0,2009.0,,,,322105001.0,322105.0,32.0,2.0,1.0,5.0,1.0
1245,2.0,1000.0,400.0,2009.0,,,,322105006.0,322105.0,32.0,2.0,1.0,5.0,6.0
1253,2.0,1000.0,600.0,2009.0,,,,322105011.0,322105.0,32.0,2.0,1.0,5.0,11.0
1260,2.0,1000.0,600.0,2009.0,,,,322105012.0,322105.0,32.0,2.0,1.0,5.0,12.0
1262,1.0,1200.0,-9999.0,2009.0,,,,322105013.0,322105.0,32.0,2.0,1.0,5.0,13.0
1269,1.0,1500.0,,2009.0,,,,322105015.0,322105.0,32.0,2.0,1.0,5.0,15.0
1272,2.0,3000.0,800.0,2009.0,,,,322105016.0,322105.0,32.0,2.0,1.0,5.0,16.0
1276,2.0,5000.0,3000.0,2009.0,,,,322105017.0,322105.0,32.0,2.0,1.0,5.0,17.0
1281,2.0,2000.0,800.0,2009.0,,,,322105018.0,322105.0,32.0,2.0,1.0,5.0,18.0
1283,2.0,4500.0,1000.0,2009.0,,,,322105019.0,322105.0,32.0,2.0,1.0,5.0,19.0
1288,2.0,10000.0,2000.0,2009.0,,,,322105020.0,322105.0,32.0,2.0,1.0,5.0,20.0
1364,3.0,2500.0,1200.0,2009.0,,,,322202081.0,322202.0,32.0,2.0,2.0,2.0,81.0
1373,2.0,1000.0,500.0,2009.0,,,,322203003.0,322203.0,32.0,2.0,2.0,3.0,3.0
1376,3.0,900.0,300.0,2009.0,,,,322203003.0,322203.0,32.0,2.0,2.0,3.0,3.0
1388,6.0,2500.0,800.0,2009.0,,,,322203004.0,322203.0,32.0,2.0,2.0,3.0,4.0
1422,1.0,1400.0,0.0,2009.0,,,,322203019.0,322203.0,32.0,2.0,2.0,3.0,19.0
1442,1.0,10000.0,1000.0,2009.0,,,,322203042.0,322203.0,32.0,2.0,2.0,3.0,42.0
1444,2.0,1800.0,0.0,2009.0,,,,322203042.0,322203.0,32.0,2.0,2.0,3.0,42.0
1456,2.0,300.0,50.0,2009.0,,,,322204001.0,322204.0,32.0,2.0,2.0,4.0,1.0
1469,6.0,200.0,50.0,2009.0,,,,322204004.0,322204.0,32.0,2.0,2.0,4.0,4.0
1524,2.0,600.0,7200.0,2009.0,,,,322204121.0,322204.0,32.0,2.0,2.0,4.0,121.0
1532,1.0,400.0,20.0,2009.0,,,,322209003.0,322209.0,32.0,2.0,2.0,9.0,3.0
1537,1.0,800.0,50.0,2009.0,,,,322209020.0,322209.0,32.0,2.0,2.0,9.0,20.0
1539,1.0,300.0,0.0,2009.0,,,,322209102.0,322209.0,32.0,2.0,2.0,9.0,102.0
1542,1.0,400.0,0.0,2009.0,,,,322209123.0,322209.0,32.0,2.0,2.0,9.0,123.0
1544,1.0,3000.0,800.0,2009.0,,,,322209125.0,322209.0,32.0,2.0,2.0,9.0,125.0
1562,1.0,3000.0,2000.0,2009.0,,,,322302002.0,322302.0,32.0,2.0,3.0,2.0,2.0
1572,1.0,6000.0,1000.0,2009.0,,,,322302005.0,322302.0,32.0,2.0,3.0,2.0,5.0
1580,3.0,1700.0,0.0,2009.0,,,,322302006.0,322302.0,32.0,2.0,3.0,2.0,6.0
1597,3.0,1000.0,20.0,2009.0,,,,322302011.0,322302.0,32.0,2.0,3.0,2.0,11.0
1606,3.0,500.0,40.0,2009.0,,,,322302012.0,322302.0,32.0,2.0,3.0,2.0,12.0
1620,3.0,3000.0,800.0,2009.0,,,,322302015.0,322302.0,32.0,2.0,3.0,2.0,15.0
1634,1.0,6000.0,1500.0,2009.0,,,,322302081.0,322302.0,32.0,2.0,3.0,2.0,81.0
1638,1.0,3000.0,0.0,2009.0,,,,322302082.0,322302.0,32.0,2.0,3.0,2.0,82.0
1645,4.0,2000.0,1000.0,2009.0,,,,322303008.0,322303.0,32.0,2.0,3.0,3.0,8.0
1653,3.0,800.0,0.0,2009.0,,,,322303016.0,322303.0,32.0,2.0,3.0,3.0,16.0
1659,1.0,10000.0,1000.0,2009.0,,,,322303020.0,322303.0,32.0,2.0,3.0,3.0,20.0
1662,1.0,20000.0,10000.0,2009.0,,,,322303061.0,322303.0,32.0,2.0,3.0,3.0,61.0
1688,2.0,5000.0,4500.0,2009.0,,,,322305062.0,322305.0,32.0,2.0,3.0,5.0,62.0
1731,2.0,2400.0,150.0,2009.0,,,,322402007.0,322402.0,32.0,2.0,4.0,2.0,7.0
1732,3.0,1000.0,80.0,2009.0,,,,322402007.0,322402.0,32.0,2.0,4.0,2.0,7.0
1733,5.0,2500.0,150.0,2009.0,,,,322402007.0,322402.0,32.0,2.0,4.0,2.0,7.0
1767,3.0,12000.0,3000.0,2009.0,,,,322403010.0,322403.0,32.0,2.0,4.0,3.0,10.0
1770,6.0,350.0,0.0,2009.0,,,,322403012.0,322403.0,32.0,2.0,4.0,3.0,12.0
1772,3.0,1500.0,800.0,2009.0,,,,322403014.0,322403.0,32.0,2.0,4.0,3.0,14.0
1776,1.0,1000.0,20.0,2009.0,,,,322403016.0,322403.0,32.0,2.0,4.0,3.0,16.0
1787,5.0,1500.0,500.0,2009.0,,,,322403081.0,322403.0,32.0,2.0,4.0,3.0,81.0
1790,2.0,300.0,-9999.0,2009.0,,,,322403083.0,322403.0,32.0,2.0,4.0,3.0,83.0
1795,1.0,1500.0,100.0,2009.0,,,,322404001.0,322404.0,32.0,2.0,4.0,4.0,1.0
1809,2.0,100.0,0.0,2009.0,,,,322404005.0,322404.0,32.0,2.0,4.0,4.0,5.0
1824,2.0,600.0,-9999.0,2009.0,,,,322404019.0,322404.0,32.0,2.0,4.0,4.0,19.0
1831,2.0,500.0,100.0,2009.0,,,,322405006.0,322405.0,32.0,2.0,4.0,5.0,6.0
1832,2.0,600.0,-9999.0,2009.0,,,,322405007.0,322405.0,32.0,2.0,4.0,5.0,7.0
1833,2.0,1000.0,500.0,2009.0,,,,322405008.0,322405.0,32.0,2.0,4.0,5.0,8.0
1834,1.0,2000.0,1000.0,2009.0,,,,322405009.0,322405.0,32.0,2.0,4.0,5.0,9.0
1839,1.0,1300.0,,2009.0,,,,322405014.0,322405.0,32.0,2.0,4.0,5.0,14.0
1841,2.0,10000.0,5000.0,2009.0,,,,322405015.0,322405.0,32.0,2.0,4.0,5.0,15.0
1847,3.0,3000.0,700.0,2009.0,,,,371102081.0,371102.0,37.0,1.0,1.0,2.0,81.0
1848,2.0,2000.0,9999.0,2009.0,,,,371102121.0,371102.0,37.0,1.0,1.0,2.0,121.0
1855,1.0,100.0,20.0,2009.0,,,,371108004.0,371108.0,37.0,1.0,1.0,8.0,4.0
1858,1.0,5000.0,0.0,2009.0,,,,371109013.0,371109.0,37.0,1.0,1.0,9.0,13.0
1862,1.0,500.0,0.0,2009.0,,,,371201010.0,371201.0,37.0,1.0,2.0,1.0,10.0
1869,2.0,200.0,60.0,2009.0,,,,371201049.0,371201.0,37.0,1.0,2.0,1.0,49.0
1870,1.0,800.0,0.0,2009.0,,,,371201052.0,371201.0,37.0,1.0,2.0,1.0,52.0
1873,3.0,30000.0,25000.0,2009.0,,,,371201062.0,371201.0,37.0,1.0,2.0,1.0,62.0
1877,1.0,800.0,200.0,2009.0,,,,371201064.0,371201.0,37.0,1.0,2.0,1.0,64.0
1879,3.0,12000.0,10000.0,2009.0,,,,371201064.0,371201.0,37.0,1.0,2.0,1.0,64.0
1883,1.0,5800.0,5000.0,2009.0,,,,371201103.0,371201.0,37.0,1.0,2.0,1.0,103.0
1886,1.0,1200.0,1000.0,2009.0,,,,371201121.0,371201.0,37.0,1.0,2.0,1.0,121.0
1887,1.0,1200.0,1100.0,2009.0,,,,371201122.0,371201.0,37.0,1.0,2.0,1.0,122.0
1895,1.0,84000.0,64000.0,2009.0,,,,371202005.0,371202.0,37.0,1.0,2.0,2.0,5.0
1907,2.0,100.0,15.0,2009.0,,,,371202006.0,371202.0,37.0,1.0,2.0,2.0,6.0
1912,1.0,5000.0,500.0,2009.0,,,,371202041.0,371202.0,37.0,1.0,2.0,2.0,41.0
1915,1.0,3000.0,1500.0,2009.0,,,,371202083.0,371202.0,37.0,1.0,2.0,2.0,83.0
1919,2.0,15000.0,16000.0,2009.0,,,,371202103.0,371202.0,37.0,1.0,2.0,2.0,103.0
1921,1.0,1200.0,1000.0,2009.0,,,,371202121.0,371202.0,37.0,1.0,2.0,2.0,121.0
1923,1.0,8200.0,1200.0,2009.0,,,,371202122.0,371202.0,37.0,1.0,2.0,2.0,122.0
1951,2.0,3000.0,1000.0,2009.0,,,,372101013.0,372101.0,37.0,2.0,1.0,1.0,13.0
1962,1.0,3000.0,1500.0,2009.0,,,,372102008.0,372102.0,37.0,2.0,1.0,2.0,8.0
1974,5.0,2000.0,100.0,2009.0,,,,372103008.0,372103.0,37.0,2.0,1.0,3.0,8.0
1977,1.0,-9999.0,-9999.0,2009.0,,,,372103011.0,372103.0,37.0,2.0,1.0,3.0,11.0
1994,1.0,1000.0,0.0,2009.0,,,,372104013.0,372104.0,37.0,2.0,1.0,4.0,13.0
2001,2.0,3000.0,200.0,2009.0,,,,372104015.0,372104.0,37.0,2.0,1.0,4.0,15.0
2003,2.0,5000.0,1600.0,2009.0,,,,372104016.0,372104.0,37.0,2.0,1.0,4.0,16.0
2006,6.0,2000.0,0.0,2009.0,,,,372104081.0,372104.0,37.0,2.0,1.0,4.0,81.0
2008,2.0,-9999.0,-9999.0,2009.0,,,,372104082.0,372104.0,37.0,2.0,1.0,4.0,82.0
2018,1.0,2000.0,500.0,2009.0,,,,372201002.0,372201.0,37.0,2.0,2.0,1.0,2.0
2024,1.0,20000.0,6600.0,2009.0,,,,372201003.0,372201.0,37.0,2.0,2.0,1.0,3.0
2059,1.0,2800.0,800.0,2009.0,,,,372201013.0,372201.0,37.0,2.0,2.0,1.0,13.0
2093,5.0,4000.0,0.0,2009.0,,,,372201124.0,372201.0,37.0,2.0,2.0,1.0,124.0
2094,2.0,2400.0,500.0,2009.0,,,,372201127.0,372201.0,37.0,2.0,2.0,1.0,127.0
2095,2.0,3500.0,1800.0,2009.0,,,,372201128.0,372201.0,37.0,2.0,2.0,1.0,128.0
2111,6.0,2000.0,0.0,2009.0,,,,372203018.0,372203.0,37.0,2.0,2.0,3.0,18.0
2117,1.0,1000.0,-9999.0,2009.0,,,,372204001.0,372204.0,37.0,2.0,2.0,4.0,1.0
2126,1.0,800.0,-9999.0,2009.0,,,,372204002.0,372204.0,37.0,2.0,2.0,4.0,2.0
2131,1.0,2000.0,-9999.0,2009.0,,,,372204003.0,372204.0,37.0,2.0,2.0,4.0,3.0
2135,1.0,1200.0,-9999.0,2009.0,,,,372204004.0,372204.0,37.0,2.0,2.0,4.0,4.0
2140,1.0,1000.0,200.0,2009.0,,,,372204005.0,372204.0,37.0,2.0,2.0,4.0,5.0
2155,5.0,900.0,0.0,2009.0,,,,372204012.0,372204.0,37.0,2.0,2.0,4.0,12.0
2156,6.0,1200.0,1200.0,2009.0,,,,372204012.0,372204.0,37.0,2.0,2.0,4.0,12.0
2161,1.0,1500.0,500.0,2009.0,,,,372204015.0,372204.0,37.0,2.0,2.0,4.0,15.0
2175,1.0,1750.0,0.0,2009.0,,,,372204018.0,372204.0,37.0,2.0,2.0,4.0,18.0
2180,1.0,1300.0,600.0,2009.0,,,,372204019.0,372204.0,37.0,2.0,2.0,4.0,19.0
2186,1.0,-9999.0,-9999.0,2009.0,,,,372204020.0,372204.0,37.0,2.0,2.0,4.0,20.0
2195,1.0,4000.0,1000.0,2009.0,,,,372301001.0,372301.0,37.0,2.0,3.0,1.0,1.0
2198,1.0,2000.0,-9999.0,2009.0,,,,372301002.0,372301.0,37.0,2.0,3.0,1.0,2.0
2200,3.0,-9999.0,-9999.0,2009.0,,,,372301009.0,372301.0,37.0,2.0,3.0,1.0,9.0
2203,1.0,3300.0,1800.0,2009.0,,,,372301012.0,372301.0,37.0,2.0,3.0,1.0,12.0
2214,1.0,80000.0,7000.0,2009.0,,,,372301083.0,372301.0,37.0,2.0,3.0,1.0,83.0
2220,2.0,300.0,0.0,2009.0,,,,372302001.0,372302.0,37.0,2.0,3.0,2.0,1.0
2225,1.0,2800.0,-9999.0,2009.0,,,,372302013.0,372302.0,37.0,2.0,3.0,2.0,13.0
2239,1.0,500.0,0.0,2009.0,,,,372303001.0,372303.0,37.0,2.0,3.0,3.0,1.0
2241,1.0,1700.0,0.0,2009.0,,,,372303004.0,372303.0,37.0,2.0,3.0,3.0,4.0
2251,6.0,2000.0,500.0,2009.0,,,,372303006.0,372303.0,37.0,2.0,3.0,3.0,6.0
2255,1.0,1200.0,0.0,2009.0,,,,372303008.0,372303.0,37.0,2.0,3.0,3.0,8.0
2272,2.0,1000.0,200.0,2009.0,,,,372303017.0,372303.0,37.0,2.0,3.0,3.0,17.0
2279,1.0,2000.0,120.0,2009.0,,,,372303019.0,372303.0,37.0,2.0,3.0,3.0,19.0
2286,1.0,2000.0,0.0,2009.0,,,,372303041.0,372303.0,37.0,2.0,3.0,3.0,41.0
2309,1.0,15000.0,1500.0,2009.0,,,,372304012.0,372304.0,37.0,2.0,3.0,4.0,12.0
2314,2.0,300.0,-9999.0,2009.0,,,,372304014.0,372304.0,37.0,2.0,3.0,4.0,14.0
2342,1.0,3000.0,1000.0,2009.0,,,,372401013.0,372401.0,37.0,2.0,4.0,1.0,13.0
2346,2.0,1000.0,-9999.0,2009.0,,,,372401017.0,372401.0,37.0,2.0,4.0,1.0,17.0
2377,2.0,1000.0,-9999.0,2009.0,,,,372402042.0,372402.0,37.0,2.0,4.0,2.0,42.0
2385,2.0,300.0,60.0,2009.0,,,,372402044.0,372402.0,37.0,2.0,4.0,2.0,44.0
2411,2.0,1500.0,500.0,2009.0,,,,372403008.0,372403.0,37.0,2.0,4.0,3.0,8.0
2414,2.0,2000.0,500.0,2009.0,,,,372403009.0,372403.0,37.0,2.0,4.0,3.0,9.0
2418,1.0,1200.0,180.0,2009.0,,,,372403010.0,372403.0,37.0,2.0,4.0,3.0,10.0
2429,1.0,3000.0,2000.0,2009.0,,,,372403016.0,372403.0,37.0,2.0,4.0,3.0,16.0
2438,2.0,2000.0,0.0,2009.0,,,,372404002.0,372404.0,37.0,2.0,4.0,4.0,2.0
2443,6.0,1000.0,260.0,2009.0,,,,372404003.0,372404.0,37.0,2.0,4.0,4.0,3.0
2448,2.0,800.0,500.0,2009.0,,,,372404016.0,372404.0,37.0,2.0,4.0,4.0,16.0
2451,3.0,20000.0,8000.0,2009.0,,,,372404019.0,372404.0,37.0,2.0,4.0,4.0,19.0
2459,1.0,200.0,0.0,2009.0,,,,411102008.0,411102.0,41.0,1.0,1.0,2.0,8.0
2493,2.0,1500.0,1000.0,2009.0,,,,411103041.0,411103.0,41.0,1.0,1.0,3.0,41.0
2504,3.0,800.0,-9999.0,2009.0,,,,411103082.0,411103.0,41.0,1.0,1.0,3.0,82.0
2507,3.0,-9999.0,-9999.0,2009.0,,,,411103102.0,411103.0,41.0,1.0,1.0,3.0,102.0
2540,2.0,4000.0,-9999.0,2009.0,,,,411108012.0,411108.0,41.0,1.0,1.0,8.0,12.0
2550,2.0,-9999.0,-9999.0,2009.0,,,,411202134.0,411202.0,41.0,1.0,2.0,2.0,134.0
2588,1.0,400.0,-9999.0,2009.0,,,,412101004.0,412101.0,41.0,2.0,1.0,1.0,4.0
2618,2.0,400.0,100.0,2009.0,,,,412102004.0,412102.0,41.0,2.0,1.0,2.0,4.0
2652,3.0,3000.0,1000.0,2009.0,,,,412103017.0,412103.0,41.0,2.0,1.0,3.0,17.0
2654,1.0,500.0,250.0,2009.0,,,,412103019.0,412103.0,41.0,2.0,1.0,3.0,19.0
2660,2.0,300.0,-9999.0,2009.0,,,,412103041.0,412103.0,41.0,2.0,1.0,3.0,41.0
2662,1.0,1000.0,-9999.0,2009.0,,,,412103061.0,412103.0,41.0,2.0,1.0,3.0,61.0
2668,1.0,900.0,0.0,2009.0,,,,412104004.0,412104.0,41.0,2.0,1.0,4.0,4.0
2690,1.0,100.0,-9999.0,2009.0,,,,412104016.0,412104.0,41.0,2.0,1.0,4.0,16.0
2693,1.0,1000.0,0.0,2009.0,,,,412104017.0,412104.0,41.0,2.0,1.0,4.0,17.0
2704,1.0,3000.0,300.0,2009.0,,,,412201001.0,412201.0,41.0,2.0,2.0,1.0,1.0
2711,2.0,2000.0,500.0,2009.0,,,,412201002.0,412201.0,41.0,2.0,2.0,1.0,2.0
2714,2.0,300.0,-9999.0,2009.0,,,,412201003.0,412201.0,41.0,2.0,2.0,1.0,3.0
2721,6.0,8000.0,4000.0,2009.0,,,,412201004.0,412201.0,41.0,2.0,2.0,1.0,4.0
2724,2.0,8000.0,5000.0,2009.0,,,,412201006.0,412201.0,41.0,2.0,2.0,1.0,6.0
2729,6.0,900.0,200.0,2009.0,,,,412201006.0,412201.0,41.0,2.0,2.0,1.0,6.0
2733,2.0,1800.0,400.0,2009.0,,,,412201007.0,412201.0,41.0,2.0,2.0,1.0,7.0
2736,5.0,1000.0,100.0,2009.0,,,,412201007.0,412201.0,41.0,2.0,2.0,1.0,7.0
2740,2.0,3000.0,800.0,2009.0,,,,412201008.0,412201.0,41.0,2.0,2.0,1.0,8.0
2751,5.0,1800.0,900.0,2009.0,,,,412201009.0,412201.0,41.0,2.0,2.0,1.0,9.0
2760,2.0,200.0,0.0,2009.0,,,,412201011.0,412201.0,41.0,2.0,2.0,1.0,11.0
2766,2.0,2000.0,300.0,2009.0,,,,412201013.0,412201.0,41.0,2.0,2.0,1.0,13.0
2786,2.0,1000.0,600.0,2009.0,,,,412201019.0,412201.0,41.0,2.0,2.0,1.0,19.0
2794,1.0,2000.0,-9999.0,2009.0,,,,412201081.0,412201.0,41.0,2.0,2.0,1.0,81.0
2801,1.0,2500.0,1500.0,2009.0,,,,412201122.0,412201.0,41.0,2.0,2.0,1.0,122.0
2811,1.0,600.0,200.0,2009.0,,,,412202004.0,412202.0,41.0,2.0,2.0,2.0,4.0
2818,1.0,900.0,400.0,2009.0,,,,412202005.0,412202.0,41.0,2.0,2.0,2.0,5.0
2830,6.0,1500.0,600.0,2009.0,,,,412202006.0,412202.0,41.0,2.0,2.0,2.0,6.0
2838,1.0,1000.0,300.0,2009.0,,,,412202007.0,412202.0,41.0,2.0,2.0,2.0,7.0
2842,2.0,1500.0,-9999.0,2009.0,,,,412202010.0,412202.0,41.0,2.0,2.0,2.0,10.0
2848,3.0,40000.0,2000.0,2009.0,,,,412202014.0,412202.0,41.0,2.0,2.0,2.0,14.0
2856,3.0,1800.0,-9999.0,2009.0,,,,412202016.0,412202.0,41.0,2.0,2.0,2.0,16.0
2865,3.0,1000.0,-9999.0,2009.0,,,,412202031.0,412202.0,41.0,2.0,2.0,2.0,31.0
2870,1.0,700.0,400.0,2009.0,,,,412202081.0,412202.0,41.0,2.0,2.0,2.0,81.0
2876,1.0,2000.0,500.0,2009.0,,,,412202084.0,412202.0,41.0,2.0,2.0,2.0,84.0
2908,1.0,200.0,-9999.0,2009.0,,,,412203062.0,412203.0,41.0,2.0,2.0,3.0,62.0
2920,1.0,1300.0,400.0,2009.0,,,,412204001.0,412204.0,41.0,2.0,2.0,4.0,1.0
2926,3.0,600.0,120.0,2009.0,,,,412204001.0,412204.0,41.0,2.0,2.0,4.0,1.0
2933,3.0,1200.0,300.0,2009.0,,,,412204002.0,412204.0,41.0,2.0,2.0,4.0,2.0
2936,6.0,9000.0,6500.0,2009.0,,,,412204002.0,412204.0,41.0,2.0,2.0,4.0,2.0
2960,5.0,3800.0,800.0,2009.0,,,,412204012.0,412204.0,41.0,2.0,2.0,4.0,12.0
2976,1.0,9000.0,-9999.0,2009.0,,,,412204084.0,412204.0,41.0,2.0,2.0,4.0,84.0
2978,5.0,2000.0,300.0,2009.0,,,,412204121.0,412204.0,41.0,2.0,2.0,4.0,121.0
2980,2.0,300.0,120.0,2009.0,,,,412204122.0,412204.0,41.0,2.0,2.0,4.0,122.0
2985,1.0,800.0,0.0,2009.0,,,,412301001.0,412301.0,41.0,2.0,3.0,1.0,1.0
2988,1.0,5000.0,2000.0,2009.0,,,,412301004.0,412301.0,41.0,2.0,3.0,1.0,4.0
2991,2.0,1500.0,0.0,2009.0,,,,412301011.0,412301.0,41.0,2.0,3.0,1.0,11.0
2994,2.0,2000.0,0.0,2009.0,,,,412301015.0,412301.0,41.0,2.0,3.0,1.0,15.0
3003,1.0,800.0,0.0,2009.0,,,,412301019.0,412301.0,41.0,2.0,3.0,1.0,19.0
3010,1.0,4500.0,3000.0,2009.0,,,,412301101.0,412301.0,41.0,2.0,3.0,1.0,101.0
3012,2.0,10000.0,3000.0,2009.0,,,,412301121.0,412301.0,41.0,2.0,3.0,1.0,121.0
3015,2.0,500.0,200.0,2009.0,,,,412302001.0,412302.0,41.0,2.0,3.0,2.0,1.0
3022,2.0,5000.0,0.0,2009.0,,,,412302007.0,412302.0,41.0,2.0,3.0,2.0,7.0
3027,1.0,300.0,0.0,2009.0,,,,412302011.0,412302.0,41.0,2.0,3.0,2.0,11.0
3036,1.0,2000.0,700.0,2009.0,,,,412303003.0,412303.0,41.0,2.0,3.0,3.0,3.0
3047,2.0,1000.0,400.0,2009.0,,,,412303012.0,412303.0,41.0,2.0,3.0,3.0,12.0
3051,6.0,1000.0,50.0,2009.0,,,,412303014.0,412303.0,41.0,2.0,3.0,3.0,14.0
3054,1.0,12000.0,5000.0,2009.0,,,,412303016.0,412303.0,41.0,2.0,3.0,3.0,16.0
3060,1.0,2000.0,300.0,2009.0,,,,412303017.0,412303.0,41.0,2.0,3.0,3.0,17.0
3068,1.0,1500.0,0.0,2009.0,,,,412303018.0,412303.0,41.0,2.0,3.0,3.0,18.0
3071,6.0,1000.0,0.0,2009.0,,,,412303018.0,412303.0,41.0,2.0,3.0,3.0,18.0
3073,3.0,1000.0,0.0,2009.0,,,,412303122.0,412303.0,41.0,2.0,3.0,3.0,122.0
3077,1.0,500.0,0.0,2009.0,,,,412304008.0,412304.0,41.0,2.0,3.0,4.0,8.0
3089,1.0,800.0,-9999.0,2009.0,,,,412304017.0,412304.0,41.0,2.0,3.0,4.0,17.0
3093,5.0,700.0,300.0,2009.0,,,,412304020.0,412304.0,41.0,2.0,3.0,4.0,20.0
3100,1.0,10000.0,1200.0,2009.0,,,,412401002.0,412401.0,41.0,2.0,4.0,1.0,2.0
3104,1.0,2000.0,200.0,2009.0,,,,412401003.0,412401.0,41.0,2.0,4.0,1.0,3.0
3108,4.0,500.0,0.0,2009.0,,,,412401004.0,412401.0,41.0,2.0,4.0,1.0,4.0
3158,2.0,10000.0,5000.0,2009.0,,,,412401032.0,412401.0,41.0,2.0,4.0,1.0,32.0
3191,4.0,400.0,80.0,2009.0,,,,412402010.0,412402.0,41.0,2.0,4.0,2.0,10.0
3209,1.0,400.0,-9999.0,2009.0,,,,412402019.0,412402.0,41.0,2.0,4.0,2.0,19.0
3219,1.0,1500.0,-9999.0,2009.0,,,,412402041.0,412402.0,41.0,2.0,4.0,2.0,41.0
3222,2.0,3000.0,-9999.0,2009.0,,,,412402061.0,412402.0,41.0,2.0,4.0,2.0,61.0
3229,1.0,1000.0,500.0,2009.0,,,,412402083.0,412402.0,41.0,2.0,4.0,2.0,83.0
3240,5.0,1000.0,300.0,2009.0,,,,412403017.0,412403.0,41.0,2.0,4.0,3.0,17.0
3245,3.0,1000.0,0.0,2009.0,,,,412403041.0,412403.0,41.0,2.0,4.0,3.0,41.0
3273,1.0,200.0,20.0,2009.0,,,,412404034.0,412404.0,41.0,2.0,4.0,4.0,34.0
3297,4.0,300.0,50.0,2009.0,,,,421102048.0,421102.0,42.0,1.0,1.0,2.0,48.0
3311,1.0,3800.0,3200.0,2009.0,,,,421103009.0,421103.0,42.0,1.0,1.0,3.0,9.0
3319,2.0,5000.0,2000.0,2009.0,,,,421103014.0,421103.0,42.0,1.0,1.0,3.0,14.0
3342,4.0,170.0,170.0,2009.0,,,,421104003.0,421104.0,42.0,1.0,1.0,4.0,3.0
3343,6.0,1500.0,300.0,2009.0,,,,421104004.0,421104.0,42.0,1.0,1.0,4.0,4.0
3350,1.0,1500.0,100.0,2009.0,,,,421104006.0,421104.0,42.0,1.0,1.0,4.0,6.0
3357,1.0,3000.0,0.0,2009.0,,,,421104010.0,421104.0,42.0,1.0,1.0,4.0,10.0
3366,1.0,,,2009.0,,,,421104017.0,421104.0,42.0,1.0,1.0,4.0,17.0
3386,1.0,200.0,0.0,2009.0,,,,421202102.0,421202.0,42.0,1.0,2.0,2.0,102.0
3401,2.0,3000.0,100.0,2009.0,,,,421203011.0,421203.0,42.0,1.0,2.0,3.0,11.0
3406,1.0,6000.0,400.0,2009.0,,,,421203012.0,421203.0,42.0,1.0,2.0,3.0,12.0
3449,2.0,1500.0,350.0,2009.0,,,,422101012.0,422101.0,42.0,2.0,1.0,1.0,12.0
3452,2.0,500.0,,2009.0,,,,422101013.0,422101.0,42.0,2.0,1.0,1.0,13.0
3462,2.0,1200.0,,2009.0,,,,422101082.0,422101.0,42.0,2.0,1.0,1.0,82.0
3466,2.0,1000.0,,2009.0,,,,422101083.0,422101.0,42.0,2.0,1.0,1.0,83.0
3470,1.0,3000.0,1000.0,2009.0,,,,422101084.0,422101.0,42.0,2.0,1.0,1.0,84.0
3479,2.0,3000.0,1000.0,2009.0,,,,422102003.0,422102.0,42.0,2.0,1.0,2.0,3.0
3488,6.0,1500.0,-9999.0,2009.0,,,,422102007.0,422102.0,42.0,2.0,1.0,2.0,7.0
3492,5.0,1500.0,500.0,2009.0,,,,422102008.0,422102.0,42.0,2.0,1.0,2.0,8.0
3502,2.0,1500.0,-9999.0,2009.0,,,,422102012.0,422102.0,42.0,2.0,1.0,2.0,12.0
3519,3.0,4000.0,,2009.0,,,,422102101.0,422102.0,42.0,2.0,1.0,2.0,101.0
3520,6.0,2000.0,700.0,2009.0,,,,422102121.0,422102.0,42.0,2.0,1.0,2.0,121.0
3531,4.0,800.0,,2009.0,,,,422103005.0,422103.0,42.0,2.0,1.0,3.0,5.0
3545,2.0,1300.0,160.0,2009.0,,,,422103014.0,422103.0,42.0,2.0,1.0,3.0,14.0
3563,1.0,600.0,-9999.0,2009.0,,,,422103121.0,422103.0,42.0,2.0,1.0,3.0,121.0
3572,6.0,3000.0,500.0,2009.0,,,,422104012.0,422104.0,42.0,2.0,1.0,4.0,12.0
3585,6.0,800.0,200.0,2009.0,,,,422104081.0,422104.0,42.0,2.0,1.0,4.0,81.0
3588,1.0,1200.0,200.0,2009.0,,,,422201005.0,422201.0,42.0,2.0,2.0,1.0,5.0
3596,1.0,1500.0,300.0,2009.0,,,,422201007.0,422201.0,42.0,2.0,2.0,1.0,7.0
3604,6.0,15000.0,5000.0,2009.0,,,,422201011.0,422201.0,42.0,2.0,2.0,1.0,11.0
3607,6.0,50000.0,40000.0,2009.0,,,,422201012.0,422201.0,42.0,2.0,2.0,1.0,12.0
3617,2.0,500.0,,2009.0,,,,422201020.0,422201.0,42.0,2.0,2.0,1.0,20.0
3626,1.0,500.0,50.0,2009.0,,,,422201042.0,422201.0,42.0,2.0,2.0,1.0,42.0
3631,1.0,300.0,,2009.0,,,,422201045.0,422201.0,42.0,2.0,2.0,1.0,45.0
3641,2.0,10000.0,6000.0,2009.0,,,,422201124.0,422201.0,42.0,2.0,2.0,1.0,124.0
3643,1.0,900.0,200.0,2009.0,,,,422201127.0,422201.0,42.0,2.0,2.0,1.0,127.0
3648,1.0,400.0,0.0,2009.0,,,,422202002.0,422202.0,42.0,2.0,2.0,2.0,2.0
3652,5.0,3000.0,400.0,2009.0,,,,422202002.0,422202.0,42.0,2.0,2.0,2.0,2.0
3661,2.0,800.0,0.0,2009.0,,,,422202005.0,422202.0,42.0,2.0,2.0,2.0,5.0
3663,5.0,800.0,400.0,2009.0,,,,422202006.0,422202.0,42.0,2.0,2.0,2.0,6.0
3671,2.0,4500.0,400.0,2009.0,,,,422202009.0,422202.0,42.0,2.0,2.0,2.0,9.0
3677,3.0,1000.0,500.0,2009.0,,,,422202010.0,422202.0,42.0,2.0,2.0,2.0,10.0
3683,5.0,1200.0,,2009.0,,,,422202011.0,422202.0,42.0,2.0,2.0,2.0,11.0
3687,5.0,40000.0,12000.0,2009.0,,,,422202012.0,422202.0,42.0,2.0,2.0,2.0,12.0
3692,1.0,1000.0,,2009.0,,,,422202013.0,422202.0,42.0,2.0,2.0,2.0,13.0
3698,1.0,1000.0,200.0,2009.0,,,,422202014.0,422202.0,42.0,2.0,2.0,2.0,14.0
3705,1.0,3000.0,-9999.0,2009.0,,,,422202016.0,422202.0,42.0,2.0,2.0,2.0,16.0
3709,5.0,5000.0,500.0,2009.0,,,,422202016.0,422202.0,42.0,2.0,2.0,2.0,16.0
3710,4.0,800.0,200.0,2009.0,,,,422202017.0,422202.0,42.0,2.0,2.0,2.0,17.0
3721,2.0,1000.0,,2009.0,,,,422202020.0,422202.0,42.0,2.0,2.0,2.0,20.0
3725,1.0,1500.0,0.0,2009.0,,,,422202042.0,422202.0,42.0,2.0,2.0,2.0,42.0
3738,6.0,400.0,100.0,2009.0,,,,422203006.0,422203.0,42.0,2.0,2.0,3.0,6.0
3748,2.0,600.0,30.0,2009.0,,,,422203042.0,422203.0,42.0,2.0,2.0,3.0,42.0
3754,4.0,50.0,,2009.0,,,,422204012.0,422204.0,42.0,2.0,2.0,4.0,12.0
3756,5.0,3000.0,,2009.0,,,,422204043.0,422204.0,42.0,2.0,2.0,4.0,43.0
3758,2.0,5000.0,3000.0,2009.0,,,,422204044.0,422204.0,42.0,2.0,2.0,4.0,44.0
3759,1.0,200.0,0.0,2009.0,,,,422204122.0,422204.0,42.0,2.0,2.0,4.0,122.0
3760,5.0,2000.0,,2009.0,,,,422204123.0,422204.0,42.0,2.0,2.0,4.0,123.0
3763,1.0,6000.0,3000.0,2009.0,,,,422301005.0,422301.0,42.0,2.0,3.0,1.0,5.0
3767,5.0,4000.0,1000.0,2009.0,,,,422301007.0,422301.0,42.0,2.0,3.0,1.0,7.0
3778,2.0,300.0,0.0,2009.0,,,,422301061.0,422301.0,42.0,2.0,3.0,1.0,61.0
3782,1.0,500.0,50.0,2009.0,,,,422301102.0,422301.0,42.0,2.0,3.0,1.0,102.0
3796,1.0,40000.0,35000.0,2009.0,,,,422302010.0,422302.0,42.0,2.0,3.0,2.0,10.0
3798,2.0,700.0,100.0,2009.0,,,,422302012.0,422302.0,42.0,2.0,3.0,2.0,12.0
3799,3.0,400.0,100.0,2009.0,,,,422302012.0,422302.0,42.0,2.0,3.0,2.0,12.0
3806,3.0,300.0,0.0,2009.0,,,,422302015.0,422302.0,42.0,2.0,3.0,2.0,15.0
3809,2.0,200.0,0.0,2009.0,,,,422302016.0,422302.0,42.0,2.0,3.0,2.0,16.0
3810,3.0,750.0,0.0,2009.0,,,,422302016.0,422302.0,42.0,2.0,3.0,2.0,16.0
3813,2.0,1000.0,0.0,2009.0,,,,422302017.0,422302.0,42.0,2.0,3.0,2.0,17.0
3815,2.0,2600.0,1000.0,2009.0,,,,422302018.0,422302.0,42.0,2.0,3.0,2.0,18.0
3825,2.0,3000.0,1400.0,2009.0,,,,422302020.0,422302.0,42.0,2.0,3.0,2.0,20.0
3830,2.0,12000.0,8700.0,2009.0,,,,422302041.0,422302.0,42.0,2.0,3.0,2.0,41.0
3832,3.0,8000.0,4500.0,2009.0,,,,422302041.0,422302.0,42.0,2.0,3.0,2.0,41.0
3844,5.0,2000.0,200.0,2009.0,,,,422302083.0,422302.0,42.0,2.0,3.0,2.0,83.0
3846,6.0,1300.0,200.0,2009.0,,,,422302084.0,422302.0,42.0,2.0,3.0,2.0,84.0
3860,5.0,800.0,,2009.0,,,,422303007.0,422303.0,42.0,2.0,3.0,3.0,7.0
3863,5.0,300.0,,2009.0,,,,422303008.0,422303.0,42.0,2.0,3.0,3.0,8.0
3865,5.0,1200.0,,2009.0,,,,422303009.0,422303.0,42.0,2.0,3.0,3.0,9.0
3879,5.0,1000.0,200.0,2009.0,,,,422303020.0,422303.0,42.0,2.0,3.0,3.0,20.0
3893,3.0,1300.0,300.0,2009.0,,,,422304004.0,422304.0,42.0,2.0,3.0,4.0,4.0
3907,2.0,700.0,300.0,2009.0,,,,422304010.0,422304.0,42.0,2.0,3.0,4.0,10.0
3910,6.0,2000.0,800.0,2009.0,,,,422304010.0,422304.0,42.0,2.0,3.0,4.0,10.0
3914,1.0,1500.0,500.0,2009.0,,,,422304013.0,422304.0,42.0,2.0,3.0,4.0,13.0
3916,6.0,1200.0,300.0,2009.0,,,,422304013.0,422304.0,42.0,2.0,3.0,4.0,13.0
3917,2.0,500.0,200.0,2009.0,,,,422304016.0,422304.0,42.0,2.0,3.0,4.0,16.0
3931,2.0,3000.0,,2009.0,,,,422401001.0,422401.0,42.0,2.0,4.0,1.0,1.0
3939,6.0,400.0,,2009.0,,,,422401005.0,422401.0,42.0,2.0,4.0,1.0,5.0
3948,1.0,1500.0,,2009.0,,,,422401012.0,422401.0,42.0,2.0,4.0,1.0,12.0
3953,5.0,1500.0,,2009.0,,,,422401017.0,422401.0,42.0,2.0,4.0,1.0,17.0
3961,5.0,1500.0,,2009.0,,,,422401020.0,422401.0,42.0,2.0,4.0,1.0,20.0
3967,1.0,2000.0,300.0,2009.0,,,,422401081.0,422401.0,42.0,2.0,4.0,1.0,81.0
3969,5.0,2000.0,,2009.0,,,,422401081.0,422401.0,42.0,2.0,4.0,1.0,81.0
3971,5.0,1400.0,,2009.0,,,,422401082.0,422401.0,42.0,2.0,4.0,1.0,82.0
3975,2.0,40000.0,,2009.0,,,,422401121.0,422401.0,42.0,2.0,4.0,1.0,121.0
3977,5.0,1200.0,0.0,2009.0,,,,422402001.0,422402.0,42.0,2.0,4.0,2.0,1.0
3992,1.0,4000.0,2000.0,2009.0,,,,422402009.0,422402.0,42.0,2.0,4.0,2.0,9.0
3999,2.0,1600.0,,2009.0,,,,422402015.0,422402.0,42.0,2.0,4.0,2.0,15.0
4003,5.0,2000.0,,2009.0,,,,422402015.0,422402.0,42.0,2.0,4.0,2.0,15.0
4008,5.0,1800.0,0.0,2009.0,,,,422402017.0,422402.0,42.0,2.0,4.0,2.0,17.0
4016,5.0,1800.0,,2009.0,,,,422402043.0,422402.0,42.0,2.0,4.0,2.0,43.0
4024,1.0,200.0,50.0,2009.0,,,,422403002.0,422403.0,42.0,2.0,4.0,3.0,2.0
4030,1.0,12000.0,0.0,2009.0,,,,422403004.0,422403.0,42.0,2.0,4.0,3.0,4.0
4032,1.0,9000.0,0.0,2009.0,,,,422403005.0,422403.0,42.0,2.0,4.0,3.0,5.0
4041,1.0,1200.0,0.0,2009.0,,,,422403006.0,422403.0,42.0,2.0,4.0,3.0,6.0
4067,1.0,800.0,,2009.0,,,,422403013.0,422403.0,42.0,2.0,4.0,3.0,13.0
4073,6.0,1500.0,200.0,2009.0,,,,422403013.0,422403.0,42.0,2.0,4.0,3.0,13.0
4083,2.0,1200.0,0.0,2009.0,,,,422403017.0,422403.0,42.0,2.0,4.0,3.0,17.0
4086,1.0,1200.0,0.0,2009.0,,,,422403018.0,422403.0,42.0,2.0,4.0,3.0,18.0
4095,4.0,1000.0,0.0,2009.0,,,,422403042.0,422403.0,42.0,2.0,4.0,3.0,42.0
4096,1.0,600.0,200.0,2009.0,,,,422403043.0,422403.0,42.0,2.0,4.0,3.0,43.0
4103,1.0,400.0,80.0,2009.0,,,,422403081.0,422403.0,42.0,2.0,4.0,3.0,81.0
4107,3.0,1500.0,0.0,2009.0,,,,422403081.0,422403.0,42.0,2.0,4.0,3.0,81.0
4114,5.0,1200.0,0.0,2009.0,,,,422404004.0,422404.0,42.0,2.0,4.0,4.0,4.0
4122,1.0,2000.0,0.0,2009.0,,,,422404011.0,422404.0,42.0,2.0,4.0,4.0,11.0
4125,5.0,600.0,120.0,2009.0,,,,422404018.0,422404.0,42.0,2.0,4.0,4.0,18.0
4133,6.0,4000.0,4000.0,2009.0,,,,431101001.0,431101.0,43.0,1.0,1.0,1.0,1.0
4153,2.0,1000.0,0.0,2009.0,,,,431101015.0,431101.0,43.0,1.0,1.0,1.0,15.0
4169,1.0,1000.0,0.0,2009.0,,,,431102008.0,431102.0,43.0,1.0,1.0,2.0,8.0
4186,1.0,3000.0,-9999.0,2009.0,,,,431102043.0,431102.0,43.0,1.0,1.0,2.0,43.0
4218,2.0,3000.0,1500.0,2009.0,,,,431103081.0,431103.0,43.0,1.0,1.0,3.0,81.0
4244,2.0,-9999.0,0.0,2009.0,,,,431201046.0,431201.0,43.0,1.0,2.0,1.0,46.0
4257,1.0,1000.0,-9999.0,2009.0,,,,431203001.0,431203.0,43.0,1.0,2.0,3.0,1.0
4277,1.0,300.0,130.0,2009.0,,,,431203011.0,431203.0,43.0,1.0,2.0,3.0,11.0
4291,2.0,3500.0,700.0,2009.0,,,,431203018.0,431203.0,43.0,1.0,2.0,3.0,18.0
4295,6.0,-9999.0,-9999.0,2009.0,,,,431203041.0,431203.0,43.0,1.0,2.0,3.0,41.0
4298,2.0,2000.0,500.0,2009.0,,,,431203122.0,431203.0,43.0,1.0,2.0,3.0,122.0
4306,6.0,1000.0,0.0,2009.0,,,,431204007.0,431204.0,43.0,1.0,2.0,4.0,7.0
4310,3.0,3000.0,2000.0,2009.0,,,,431204017.0,431204.0,43.0,1.0,2.0,4.0,17.0
4317,2.0,700.0,60.0,2009.0,,,,431204042.0,431204.0,43.0,1.0,2.0,4.0,42.0
4323,5.0,1300.0,0.0,2009.0,,,,431204122.0,431204.0,43.0,1.0,2.0,4.0,122.0
4402,2.0,1200.0,-9999.0,2009.0,,,,432102018.0,432102.0,43.0,2.0,1.0,2.0,18.0
4407,1.0,3000.0,1000.0,2009.0,,,,432102020.0,432102.0,43.0,2.0,1.0,2.0,20.0
4417,1.0,3000.0,500.0,2009.0,,,,432102081.0,432102.0,43.0,2.0,1.0,2.0,81.0
4422,2.0,3000.0,1000.0,2009.0,,,,432102083.0,432102.0,43.0,2.0,1.0,2.0,83.0
4425,2.0,4000.0,2000.0,2009.0,,,,432103001.0,432103.0,43.0,2.0,1.0,3.0,1.0
4431,3.0,1000.0,0.0,2009.0,,,,432103005.0,432103.0,43.0,2.0,1.0,3.0,5.0
4441,1.0,3400.0,300.0,2009.0,,,,432103011.0,432103.0,43.0,2.0,1.0,3.0,11.0
4456,6.0,1200.0,0.0,2009.0,,,,432103101.0,432103.0,43.0,2.0,1.0,3.0,101.0
4497,1.0,3000.0,1000.0,2009.0,,,,432104013.0,432104.0,43.0,2.0,1.0,4.0,13.0
4520,1.0,3000.0,50000.0,2009.0,,,,432104042.0,432104.0,43.0,2.0,1.0,4.0,42.0
4527,4.0,1500.0,5000.0,2009.0,,,,432105001.0,432105.0,43.0,2.0,1.0,5.0,1.0
4530,4.0,3000.0,,2009.0,,,,432105003.0,432105.0,43.0,2.0,1.0,5.0,3.0
4531,5.0,8000.0,,2009.0,,,,432105003.0,432105.0,43.0,2.0,1.0,5.0,3.0
4534,4.0,1000.0,20000.0,2009.0,,,,432105013.0,432105.0,43.0,2.0,1.0,5.0,13.0
4536,5.0,2200.0,-9999.0,2009.0,,,,432105014.0,432105.0,43.0,2.0,1.0,5.0,14.0
4538,5.0,1500.0,-9999.0,2009.0,,,,432105016.0,432105.0,43.0,2.0,1.0,5.0,16.0
4542,5.0,1500.0,,2009.0,,,,432105017.0,432105.0,43.0,2.0,1.0,5.0,17.0
4544,5.0,3500.0,-9999.0,2009.0,,,,432105018.0,432105.0,43.0,2.0,1.0,5.0,18.0
4549,4.0,800.0,200.0,2009.0,,,,432105121.0,432105.0,43.0,2.0,1.0,5.0,121.0
4550,4.0,1000.0,200.0,2009.0,,,,432105122.0,432105.0,43.0,2.0,1.0,5.0,122.0
4639,6.0,4500.0,2800.0,2009.0,,,,432202017.0,432202.0,43.0,2.0,2.0,2.0,17.0
4649,2.0,99999.0,90000.0,2009.0,,,,432202019.0,432202.0,43.0,2.0,2.0,2.0,19.0
4650,6.0,4000.0,3000.0,2009.0,,,,432202019.0,432202.0,43.0,2.0,2.0,2.0,19.0
4656,3.0,1500.0,0.0,2009.0,,,,432202101.0,432202.0,43.0,2.0,2.0,2.0,101.0
4657,6.0,2000.0,0.0,2009.0,,,,432202101.0,432202.0,43.0,2.0,2.0,2.0,101.0
4667,1.0,2000.0,1500.0,2009.0,,,,432203006.0,432203.0,43.0,2.0,2.0,3.0,6.0
4678,1.0,1000.0,500.0,2009.0,,,,432203013.0,432203.0,43.0,2.0,2.0,3.0,13.0
4710,1.0,4000.0,80.0,2009.0,,,,432204004.0,432204.0,43.0,2.0,2.0,4.0,4.0
4756,1.0,6000.0,2000.0,2009.0,,,,432301001.0,432301.0,43.0,2.0,3.0,1.0,1.0
4766,1.0,5700.0,1900.0,2009.0,,,,432301003.0,432301.0,43.0,2.0,3.0,1.0,3.0
4771,1.0,4000.0,700.0,2009.0,,,,432301005.0,432301.0,43.0,2.0,3.0,1.0,5.0
4775,1.0,32000.0,10400.0,2009.0,,,,432301006.0,432301.0,43.0,2.0,3.0,1.0,6.0
4780,4.0,600.0,0.0,2009.0,,,,432301007.0,432301.0,43.0,2.0,3.0,1.0,7.0
4792,2.0,4600.0,0.0,2009.0,,,,432301012.0,432301.0,43.0,2.0,3.0,1.0,12.0
4793,1.0,5000.0,3000.0,2009.0,,,,432301013.0,432301.0,43.0,2.0,3.0,1.0,13.0
4806,1.0,4000.0,300.0,2009.0,,,,432301016.0,432301.0,43.0,2.0,3.0,1.0,16.0
4819,1.0,3000.0,2000.0,2009.0,,,,432301061.0,432301.0,43.0,2.0,3.0,1.0,61.0
4821,5.0,8000.0,2000.0,2009.0,,,,432301061.0,432301.0,43.0,2.0,3.0,1.0,61.0
4823,1.0,3000.0,1000.0,2009.0,,,,432301101.0,432301.0,43.0,2.0,3.0,1.0,101.0
4826,6.0,5500.0,2000.0,2009.0,,,,432301121.0,432301.0,43.0,2.0,3.0,1.0,121.0
4828,5.0,3000.0,800.0,2009.0,,,,432302001.0,432302.0,43.0,2.0,3.0,2.0,1.0
4833,1.0,12000.0,200.0,2009.0,,,,432302006.0,432302.0,43.0,2.0,3.0,2.0,6.0
4841,6.0,90000.0,40000.0,2009.0,,,,432302008.0,432302.0,43.0,2.0,3.0,2.0,8.0
4844,1.0,2000.0,500.0,2009.0,,,,432302011.0,432302.0,43.0,2.0,3.0,2.0,11.0
4852,1.0,8000.0,3500.0,2009.0,,,,432302013.0,432302.0,43.0,2.0,3.0,2.0,13.0
4857,2.0,1800.0,400.0,2009.0,,,,432302015.0,432302.0,43.0,2.0,3.0,2.0,15.0
4862,2.0,3000.0,1500.0,2009.0,,,,432302041.0,432302.0,43.0,2.0,3.0,2.0,41.0
4863,1.0,7000.0,4200.0,2009.0,,,,432302042.0,432302.0,43.0,2.0,3.0,2.0,42.0
4864,2.0,2000.0,600.0,2009.0,,,,432302061.0,432302.0,43.0,2.0,3.0,2.0,61.0
4870,1.0,1000.0,200.0,2009.0,,,,432303004.0,432303.0,43.0,2.0,3.0,3.0,4.0
4874,2.0,1000.0,0.0,2009.0,,,,432303005.0,432303.0,43.0,2.0,3.0,3.0,5.0
4878,5.0,22400.0,0.0,2009.0,,,,432303005.0,432303.0,43.0,2.0,3.0,3.0,5.0
4906,6.0,6000.0,1000.0,2009.0,,,,432304004.0,432304.0,43.0,2.0,3.0,4.0,4.0
4920,1.0,1200.0,0.0,2009.0,,,,432304010.0,432304.0,43.0,2.0,3.0,4.0,10.0
4921,5.0,500.0,-9999.0,2009.0,,,,432304010.0,432304.0,43.0,2.0,3.0,4.0,10.0
4924,1.0,100.0,0.0,2009.0,,,,432304012.0,432304.0,43.0,2.0,3.0,4.0,12.0
4929,2.0,3000.0,1200.0,2009.0,,,,432304014.0,432304.0,43.0,2.0,3.0,4.0,14.0
4931,1.0,1200.0,200.0,2009.0,,,,432304016.0,432304.0,43.0,2.0,3.0,4.0,16.0
4940,1.0,3400.0,1000.0,2009.0,,,,432304018.0,432304.0,43.0,2.0,3.0,4.0,18.0
4941,2.0,3000.0,1500.0,2009.0,,,,432304019.0,432304.0,43.0,2.0,3.0,4.0,19.0
4947,1.0,5000.0,2000.0,2009.0,,,,432304081.0,432304.0,43.0,2.0,3.0,4.0,81.0
4949,5.0,1500.0,300.0,2009.0,,,,432304081.0,432304.0,43.0,2.0,3.0,4.0,81.0
4951,2.0,600.0,0.0,2009.0,,,,432304101.0,432304.0,43.0,2.0,3.0,4.0,101.0
4952,5.0,2000.0,0.0,2009.0,,,,432304101.0,432304.0,43.0,2.0,3.0,4.0,101.0
4953,2.0,2000.0,0.0,2009.0,,,,432304102.0,432304.0,43.0,2.0,3.0,4.0,102.0
4968,1.0,5000.0,3000.0,2009.0,,,,432401042.0,432401.0,43.0,2.0,4.0,1.0,42.0
4971,2.0,20000.0,8000.0,2009.0,,,,432401128.0,432401.0,43.0,2.0,4.0,1.0,128.0
4973,1.0,30000.0,3000.0,2009.0,,,,432401137.0,432401.0,43.0,2.0,4.0,1.0,137.0
4990,1.0,300.0,300.0,2009.0,,,,432402124.0,432402.0,43.0,2.0,4.0,2.0,124.0
4996,6.0,1500.0,400.0,2009.0,,,,432403007.0,432403.0,43.0,2.0,4.0,3.0,7.0
4997,6.0,1600.0,800.0,2009.0,,,,432403121.0,432403.0,43.0,2.0,4.0,3.0,121.0
4998,1.0,2000.0,800.0,2009.0,,,,432404001.0,432404.0,43.0,2.0,4.0,4.0,1.0
5002,1.0,5000.0,2000.0,2009.0,,,,432404002.0,432404.0,43.0,2.0,4.0,4.0,2.0
5012,1.0,600.0,100.0,2009.0,,,,432404005.0,432404.0,43.0,2.0,4.0,4.0,5.0
5019,6.0,600.0,300.0,2009.0,,,,432404007.0,432404.0,43.0,2.0,4.0,4.0,7.0
5021,2.0,3900.0,1000.0,2009.0,,,,432404008.0,432404.0,43.0,2.0,4.0,4.0,8.0
5045,1.0,600.0,100.0,2009.0,,,,432404104.0,432404.0,43.0,2.0,4.0,4.0,104.0
5113,2.0,4000.0,3000.0,2009.0,,,,451102069.0,451102.0,45.0,1.0,1.0,2.0,69.0
5116,2.0,1000.0,-9999.0,2009.0,,,,451102126.0,451102.0,45.0,1.0,1.0,2.0,126.0
5117,1.0,1200.0,300.0,2009.0,,,,451102128.0,451102.0,45.0,1.0,1.0,2.0,128.0
5125,2.0,1000.0,50.0,2009.0,,,,451103001.0,451103.0,45.0,1.0,1.0,3.0,1.0
5128,2.0,700.0,250.0,2009.0,,,,451103002.0,451103.0,45.0,1.0,1.0,3.0,2.0
5138,2.0,1000.0,300.0,2009.0,,,,451103004.0,451103.0,45.0,1.0,1.0,3.0,4.0
5165,1.0,800.0,0.0,2009.0,,,,451103016.0,451103.0,45.0,1.0,1.0,3.0,16.0
5185,6.0,1000.0,0.0,2009.0,,,,451104004.0,451104.0,45.0,1.0,1.0,4.0,4.0
5186,1.0,3000.0,2000.0,2009.0,,,,451104005.0,451104.0,45.0,1.0,1.0,4.0,5.0
5188,4.0,400.0,100.0,2009.0,,,,451104006.0,451104.0,45.0,1.0,1.0,4.0,6.0
5200,2.0,800.0,300.0,2009.0,,,,451104013.0,451104.0,45.0,1.0,1.0,4.0,13.0
5205,3.0,1000.0,200.0,2009.0,,,,451104014.0,451104.0,45.0,1.0,1.0,4.0,14.0
5213,1.0,1000.0,400.0,2009.0,,,,451104015.0,451104.0,45.0,1.0,1.0,4.0,15.0
5223,2.0,100.0,0.0,2009.0,,,,451104020.0,451104.0,45.0,1.0,1.0,4.0,20.0
5226,3.0,3000.0,2000.0,2009.0,,,,451104061.0,451104.0,45.0,1.0,1.0,4.0,61.0
5230,2.0,3000.0,800.0,2009.0,,,,451105103.0,451105.0,45.0,1.0,1.0,5.0,103.0
5234,1.0,500.0,0.0,2009.0,,,,451105114.0,451105.0,45.0,1.0,1.0,5.0,114.0
5235,1.0,300.0,300.0,2009.0,,,,451105124.0,451105.0,45.0,1.0,1.0,5.0,124.0
5238,1.0,800.0,0.0,2009.0,,,,451201001.0,451201.0,45.0,1.0,2.0,1.0,1.0
5261,1.0,1800.0,0.0,2009.0,,,,451201125.0,451201.0,45.0,1.0,2.0,1.0,125.0
5262,2.0,800.0,-9999.0,2009.0,,,,451201127.0,451201.0,45.0,1.0,2.0,1.0,127.0
5263,2.0,1600.0,900.0,2009.0,,,,451201128.0,451201.0,45.0,1.0,2.0,1.0,128.0
5274,2.0,50.0,3.0,2009.0,,,,451202086.0,451202.0,45.0,1.0,2.0,2.0,86.0
5291,1.0,1400.0,1000.0,2009.0,,,,451203011.0,451203.0,45.0,1.0,2.0,3.0,11.0
5299,6.0,6000.0,4500.0,2009.0,,,,451203013.0,451203.0,45.0,1.0,2.0,3.0,13.0
5303,1.0,700.0,0.0,2009.0,,,,451203016.0,451203.0,45.0,1.0,2.0,3.0,16.0
5316,1.0,14000.0,800.0,2009.0,,,,451203019.0,451203.0,45.0,1.0,2.0,3.0,19.0
5326,1.0,840.0,500.0,2009.0,,,,451203061.0,451203.0,45.0,1.0,2.0,3.0,61.0
5332,3.0,400.0,0.0,2009.0,,,,451203121.0,451203.0,45.0,1.0,2.0,3.0,121.0
5333,1.0,9000.0,8000.0,2009.0,,,,451203124.0,451203.0,45.0,1.0,2.0,3.0,124.0
5410,1.0,200.0,150.0,2009.0,,,,452102006.0,452102.0,45.0,2.0,1.0,2.0,6.0
5416,2.0,600.0,0.0,2009.0,,,,452102011.0,452102.0,45.0,2.0,1.0,2.0,11.0
5439,2.0,2600.0,2000.0,2009.0,,,,452103002.0,452103.0,45.0,2.0,1.0,3.0,2.0
5448,2.0,1500.0,500.0,2009.0,,,,452103004.0,452103.0,45.0,2.0,1.0,3.0,4.0
5457,1.0,8000.0,3000.0,2009.0,,,,452103009.0,452103.0,45.0,2.0,1.0,3.0,9.0
5460,5.0,1800.0,800.0,2009.0,,,,452103010.0,452103.0,45.0,2.0,1.0,3.0,10.0
5489,1.0,-9999.0,0.0,2009.0,,,,452103061.0,452103.0,45.0,2.0,1.0,3.0,61.0
5496,2.0,1200.0,600.0,2009.0,,,,452103081.0,452103.0,45.0,2.0,1.0,3.0,81.0
5501,2.0,600.0,100.0,2009.0,,,,452104003.0,452104.0,45.0,2.0,1.0,4.0,3.0
5502,5.0,1000.0,200.0,2009.0,,,,452104003.0,452104.0,45.0,2.0,1.0,4.0,3.0
5503,1.0,5000.0,3000.0,2009.0,,,,452104004.0,452104.0,45.0,2.0,1.0,4.0,4.0
5521,1.0,5000.0,1250.0,2009.0,,,,452104007.0,452104.0,45.0,2.0,1.0,4.0,7.0
5541,1.0,50000.0,30000.0,2009.0,,,,452104015.0,452104.0,45.0,2.0,1.0,4.0,15.0
5546,1.0,5400.0,1000.0,2009.0,,,,452104016.0,452104.0,45.0,2.0,1.0,4.0,16.0
5554,1.0,400.0,0.0,2009.0,,,,452104042.0,452104.0,45.0,2.0,1.0,4.0,42.0
5562,2.0,42000.0,35800.0,2009.0,,,,452105001.0,452105.0,45.0,2.0,1.0,5.0,1.0
5580,2.0,4000.0,1200.0,2009.0,,,,452105017.0,452105.0,45.0,2.0,1.0,5.0,17.0
5587,1.0,25000.0,10000.0,2009.0,,,,452105019.0,452105.0,45.0,2.0,1.0,5.0,19.0
5589,3.0,-9999.0,-9999.0,2009.0,,,,452105019.0,452105.0,45.0,2.0,1.0,5.0,19.0
5654,1.0,600.0,0.0,2009.0,,,,452201016.0,452201.0,45.0,2.0,2.0,1.0,16.0
5667,1.0,700.0,500.0,2009.0,,,,452201043.0,452201.0,45.0,2.0,2.0,1.0,43.0
5672,6.0,2500.0,1000.0,2009.0,,,,452201043.0,452201.0,45.0,2.0,2.0,1.0,43.0
5678,6.0,2200.0,1000.0,2009.0,,,,452201081.0,452201.0,45.0,2.0,2.0,1.0,81.0
5680,1.0,4800.0,2500.0,2009.0,,,,452201101.0,452201.0,45.0,2.0,2.0,1.0,101.0
5682,2.0,400.0,0.0,2009.0,,,,452201122.0,452201.0,45.0,2.0,2.0,1.0,122.0
5683,1.0,1200.0,0.0,2009.0,,,,452201123.0,452201.0,45.0,2.0,2.0,1.0,123.0
5685,2.0,350.0,150.0,2009.0,,,,452201125.0,452201.0,45.0,2.0,2.0,1.0,125.0
5687,2.0,1800.0,750.0,2009.0,,,,452201126.0,452201.0,45.0,2.0,2.0,1.0,126.0
5689,1.0,300.0,1.0,2009.0,,,,452201127.0,452201.0,45.0,2.0,2.0,1.0,127.0
5693,2.0,2000.0,800.0,2009.0,,,,452201128.0,452201.0,45.0,2.0,2.0,1.0,128.0
5740,6.0,2500.0,1200.0,2009.0,,,,452202082.0,452202.0,45.0,2.0,2.0,2.0,82.0
5778,2.0,1000.0,0.0,2009.0,,,,452203009.0,452203.0,45.0,2.0,2.0,3.0,9.0
5787,1.0,2000.0,500.0,2009.0,,,,452203014.0,452203.0,45.0,2.0,2.0,3.0,14.0
5816,2.0,3000.0,1000.0,2009.0,,,,452203061.0,452203.0,45.0,2.0,2.0,3.0,61.0
5825,6.0,3500.0,2000.0,2009.0,,,,452203122.0,452203.0,45.0,2.0,2.0,3.0,122.0
5828,2.0,5000.0,1500.0,2009.0,,,,452203127.0,452203.0,45.0,2.0,2.0,3.0,127.0
5832,1.0,1500.0,500.0,2009.0,,,,452204002.0,452204.0,45.0,2.0,2.0,4.0,2.0
5853,1.0,2000.0,0.0,2009.0,,,,452204005.0,452204.0,45.0,2.0,2.0,4.0,5.0
5865,1.0,800.0,150.0,2009.0,,,,452204008.0,452204.0,45.0,2.0,2.0,4.0,8.0
5870,1.0,300.0,40.0,2009.0,,,,452204009.0,452204.0,45.0,2.0,2.0,4.0,9.0
5902,6.0,2500.0,1000.0,2009.0,,,,452204015.0,452204.0,45.0,2.0,2.0,4.0,15.0
5921,1.0,900.0,300.0,2009.0,,,,452204081.0,452204.0,45.0,2.0,2.0,4.0,81.0
5927,6.0,3600.0,1000.0,2009.0,,,,452204082.0,452204.0,45.0,2.0,2.0,4.0,82.0
5929,2.0,1200.0,300.0,2009.0,,,,452204083.0,452204.0,45.0,2.0,2.0,4.0,83.0
5946,1.0,2100.0,-9999.0,2009.0,,,,452301008.0,452301.0,45.0,2.0,3.0,1.0,8.0
5966,4.0,2000.0,500.0,2009.0,,,,452301012.0,452301.0,45.0,2.0,3.0,1.0,12.0
5975,2.0,2000.0,500.0,2009.0,,,,452301014.0,452301.0,45.0,2.0,3.0,1.0,14.0
5997,1.0,800.0,200.0,2009.0,,,,452301081.0,452301.0,45.0,2.0,3.0,1.0,81.0
5999,2.0,5000.0,-9999.0,2009.0,,,,452301121.0,452301.0,45.0,2.0,3.0,1.0,121.0
6012,4.0,1500.0,-9999.0,2009.0,,,,452302004.0,452302.0,45.0,2.0,3.0,2.0,4.0
6015,3.0,2000.0,-9999.0,2009.0,,,,452302008.0,452302.0,45.0,2.0,3.0,2.0,8.0
6017,3.0,1000.0,-9999.0,2009.0,,,,452302009.0,452302.0,45.0,2.0,3.0,2.0,9.0
6025,6.0,1500.0,0.0,2009.0,,,,452302041.0,452302.0,45.0,2.0,3.0,2.0,41.0
6042,1.0,1800.0,0.0,2009.0,,,,452303006.0,452303.0,45.0,2.0,3.0,3.0,6.0
6051,2.0,5000.0,0.0,2009.0,,,,452303016.0,452303.0,45.0,2.0,3.0,3.0,16.0
6055,2.0,3000.0,1200.0,2009.0,,,,452303017.0,452303.0,45.0,2.0,3.0,3.0,17.0
6056,5.0,800.0,0.0,2009.0,,,,452303019.0,452303.0,45.0,2.0,3.0,3.0,19.0
6061,1.0,600.0,0.0,2009.0,,,,452303081.0,452303.0,45.0,2.0,3.0,3.0,81.0
6091,2.0,300.0,0.0,2009.0,,,,452304016.0,452304.0,45.0,2.0,3.0,4.0,16.0
6097,5.0,20000.0,5000.0,2009.0,,,,452304018.0,452304.0,45.0,2.0,3.0,4.0,18.0
6102,1.0,1200.0,300.0,2009.0,,,,452304081.0,452304.0,45.0,2.0,3.0,4.0,81.0
6112,1.0,3000.0,1000.0,2009.0,,,,452401009.0,452401.0,45.0,2.0,4.0,1.0,9.0
6142,1.0,1400.0,200.0,2009.0,,,,452401063.0,452401.0,45.0,2.0,4.0,1.0,63.0
6146,1.0,12000.0,0.0,2009.0,,,,452401121.0,452401.0,45.0,2.0,4.0,1.0,121.0
6147,1.0,3500.0,1500.0,2009.0,,,,452401124.0,452401.0,45.0,2.0,4.0,1.0,124.0
6148,2.0,16009.0,-9999.0,2009.0,,,,452401130.0,452401.0,45.0,2.0,4.0,1.0,130.0
6193,6.0,60.0,0.0,2009.0,,,,452402013.0,452402.0,45.0,2.0,4.0,2.0,13.0
6195,2.0,6000.0,5000.0,2009.0,,,,452402014.0,452402.0,45.0,2.0,4.0,2.0,14.0
6201,6.0,3000.0,1500.0,2009.0,,,,452402015.0,452402.0,45.0,2.0,4.0,2.0,15.0
6217,1.0,500.0,0.0,2009.0,,,,452402019.0,452402.0,45.0,2.0,4.0,2.0,19.0
6223,1.0,450.0,80.0,2009.0,,,,452402020.0,452402.0,45.0,2.0,4.0,2.0,20.0
6226,1.0,-9999.0,900.0,2009.0,,,,452402021.0,452402.0,45.0,2.0,4.0,2.0,21.0
6232,3.0,500.0,0.0,2009.0,,,,452402101.0,452402.0,45.0,2.0,4.0,2.0,101.0
6233,6.0,500.0,20.0,2009.0,,,,452402124.0,452402.0,45.0,2.0,4.0,2.0,124.0
6236,6.0,500.0,20.0,2009.0,,,,452402125.0,452402.0,45.0,2.0,4.0,2.0,125.0
6248,1.0,10000.0,7000.0,2009.0,,,,452403002.0,452403.0,45.0,2.0,4.0,3.0,2.0
6271,6.0,1800.0,800.0,2009.0,,,,452403006.0,452403.0,45.0,2.0,4.0,3.0,6.0
6274,1.0,600.0,,2009.0,,,,452403007.0,452403.0,45.0,2.0,4.0,3.0,7.0
6283,2.0,20000.0,0.0,2009.0,,,,452403008.0,452403.0,45.0,2.0,4.0,3.0,8.0
6289,1.0,400.0,-9999.0,2009.0,,,,452403010.0,452403.0,45.0,2.0,4.0,3.0,10.0
6303,1.0,1600.0,-9999.0,2009.0,,,,452403012.0,452403.0,45.0,2.0,4.0,3.0,12.0
6314,1.0,1200.0,0.0,2009.0,,,,452403014.0,452403.0,45.0,2.0,4.0,3.0,14.0
6331,6.0,3000.0,,2009.0,,,,452403019.0,452403.0,45.0,2.0,4.0,3.0,19.0
6333,2.0,-9999.0,-9999.0,2009.0,,,,452403020.0,452403.0,45.0,2.0,4.0,3.0,20.0
6338,1.0,2000.0,-9999.0,2009.0,,,,452403041.0,452403.0,45.0,2.0,4.0,3.0,41.0
6353,1.0,-9999.0,-9999.0,2009.0,,,,452404002.0,452404.0,45.0,2.0,4.0,4.0,2.0
6366,3.0,3000.0,200.0,2009.0,,,,452404003.0,452404.0,45.0,2.0,4.0,4.0,3.0
6367,4.0,2000.0,100.0,2009.0,,,,452404003.0,452404.0,45.0,2.0,4.0,4.0,3.0
6398,6.0,250.0,-9999.0,2009.0,,,,452404011.0,452404.0,45.0,2.0,4.0,4.0,11.0
6412,1.0,500.0,200.0,2009.0,,,,452404017.0,452404.0,45.0,2.0,4.0,4.0,17.0
6425,6.0,15006.0,600.0,2009.0,,,,452404018.0,452404.0,45.0,2.0,4.0,4.0,18.0
6430,1.0,200.0,0.0,2009.0,,,,452404019.0,452404.0,45.0,2.0,4.0,4.0,19.0
6436,1.0,700.0,60.0,2009.0,,,,452404020.0,452404.0,45.0,2.0,4.0,4.0,20.0
6448,1.0,1600.0,600.0,2009.0,,,,452404043.0,452404.0,45.0,2.0,4.0,4.0,43.0
6453,2.0,1500.0,300.0,2009.0,,,,452404043.0,452404.0,45.0,2.0,4.0,4.0,43.0
6454,3.0,50.0,0.0,2009.0,,,,452404043.0,452404.0,45.0,2.0,4.0,4.0,43.0
6455,5.0,2000.0,1300.0,2009.0,,,,452404043.0,452404.0,45.0,2.0,4.0,4.0,43.0
6461,3.0,700.0,,2009.0,,,,452404061.0,452404.0,45.0,2.0,4.0,4.0,61.0
6511,4.0,300.0,-9999.0,2009.0,,,,521106004.0,521106.0,52.0,1.0,1.0,6.0,4.0
6522,2.0,8700.0,2000.0,2009.0,,,,521107001.0,521107.0,52.0,1.0,1.0,7.0,1.0
6524,1.0,2000.0,500.0,2009.0,,,,521107002.0,521107.0,52.0,1.0,1.0,7.0,2.0
6528,1.0,200.0,0.0,2009.0,,,,521107006.0,521107.0,52.0,1.0,1.0,7.0,6.0
6531,6.0,2000.0,100.0,2009.0,,,,521107006.0,521107.0,52.0,1.0,1.0,7.0,6.0
6539,2.0,1000.0,0.0,2009.0,,,,521107012.0,521107.0,52.0,1.0,1.0,7.0,12.0
6550,1.0,400.0,80.0,2009.0,,,,521107061.0,521107.0,52.0,1.0,1.0,7.0,61.0
6561,5.0,2000.0,0.0,2009.0,,,,521108008.0,521108.0,52.0,1.0,1.0,8.0,8.0
6573,5.0,2500.0,0.0,2009.0,,,,521108015.0,521108.0,52.0,1.0,1.0,8.0,15.0
6576,2.0,1200.0,0.0,2009.0,,,,521108017.0,521108.0,52.0,1.0,1.0,8.0,17.0
6601,2.0,3000.0,600.0,2009.0,,,,521201006.0,521201.0,52.0,1.0,2.0,1.0,6.0
6629,2.0,2700.0,300.0,2009.0,,,,521201082.0,521201.0,52.0,1.0,2.0,1.0,82.0
6655,6.0,900.0,2500.0,2009.0,,,,521202011.0,521202.0,52.0,1.0,2.0,2.0,11.0
6721,2.0,1500.0,700.0,2009.0,,,,521203019.0,521203.0,52.0,1.0,2.0,3.0,19.0
6726,2.0,8000.0,3000.0,2009.0,,,,521203020.0,521203.0,52.0,1.0,2.0,3.0,20.0
6737,1.0,14000.0,6000.0,2009.0,,,,521203042.0,521203.0,52.0,1.0,2.0,3.0,42.0
6744,5.0,5000.0,25000.0,2009.0,,,,521203122.0,521203.0,52.0,1.0,2.0,3.0,122.0
6772,2.0,1500.0,500.0,2009.0,,,,521204122.0,521204.0,52.0,1.0,2.0,4.0,122.0
6814,6.0,5280.0,3760.0,2009.0,,,,522101044.0,522101.0,52.0,2.0,1.0,1.0,44.0
6821,2.0,40000.0,22000.0,2009.0,,,,522101082.0,522101.0,52.0,2.0,1.0,1.0,82.0
6825,1.0,5000.0,2000.0,2009.0,,,,522101103.0,522101.0,52.0,2.0,1.0,1.0,103.0
6868,1.0,1000.0,180.0,2009.0,,,,522104004.0,522104.0,52.0,2.0,1.0,4.0,4.0
6880,1.0,2000.0,1000.0,2009.0,,,,522104008.0,522104.0,52.0,2.0,1.0,4.0,8.0
6896,6.0,4000.0,2000.0,2009.0,,,,522104017.0,522104.0,52.0,2.0,1.0,4.0,17.0
6905,6.0,1200.0,300.0,2009.0,,,,522104061.0,522104.0,52.0,2.0,1.0,4.0,61.0
6907,6.0,1500.0,-9999.0,2009.0,,,,522104101.0,522104.0,52.0,2.0,1.0,4.0,101.0
6929,4.0,600.0,100.0,2009.0,,,,522201004.0,522201.0,52.0,2.0,2.0,1.0,4.0
6932,2.0,900.0,700.0,2009.0,,,,522201005.0,522201.0,52.0,2.0,2.0,1.0,5.0
6941,2.0,1000.0,600.0,2009.0,,,,522201006.0,522201.0,52.0,2.0,2.0,1.0,6.0
6949,4.0,1500.0,200.0,2009.0,,,,522201007.0,522201.0,52.0,2.0,2.0,1.0,7.0
6970,2.0,900.0,0.0,2009.0,,,,522201011.0,522201.0,52.0,2.0,2.0,1.0,11.0
6975,1.0,800.0,40.0,2009.0,,,,522201012.0,522201.0,52.0,2.0,2.0,1.0,12.0
6987,2.0,6000.0,2000.0,2009.0,,,,522201013.0,522201.0,52.0,2.0,2.0,1.0,13.0
6993,2.0,300.0,0.0,2009.0,,,,522201015.0,522201.0,52.0,2.0,2.0,1.0,15.0
7005,1.0,6000.0,500.0,2009.0,,,,522201020.0,522201.0,52.0,2.0,2.0,1.0,20.0
7013,2.0,600.0,100.0,2009.0,,,,522201061.0,522201.0,52.0,2.0,2.0,1.0,61.0
7034,1.0,1000.0,500.0,2009.0,,,,522202007.0,522202.0,52.0,2.0,2.0,2.0,7.0
7036,1.0,2000.0,500.0,2009.0,,,,522202008.0,522202.0,52.0,2.0,2.0,2.0,8.0
7058,4.0,2000.0,200.0,2009.0,,,,522202012.0,522202.0,52.0,2.0,2.0,2.0,12.0
7067,5.0,400.0,200.0,2009.0,,,,522202013.0,522202.0,52.0,2.0,2.0,2.0,13.0
7090,1.0,1000.0,800.0,2009.0,,,,522202018.0,522202.0,52.0,2.0,2.0,2.0,18.0
7098,2.0,2000.0,0.0,2009.0,,,,522202019.0,522202.0,52.0,2.0,2.0,2.0,19.0
7104,5.0,1200.0,0.0,2009.0,,,,522202062.0,522202.0,52.0,2.0,2.0,2.0,62.0
7111,5.0,1800.0,-9999.0,2009.0,,,,522202081.0,522202.0,52.0,2.0,2.0,2.0,81.0
7113,5.0,20000.0,-9999.0,2009.0,,,,522202082.0,522202.0,52.0,2.0,2.0,2.0,82.0
7116,1.0,1500.0,1200.0,2009.0,,,,522202101.0,522202.0,52.0,2.0,2.0,2.0,101.0
7126,2.0,2000.0,8000.0,2009.0,,,,522203002.0,522203.0,52.0,2.0,2.0,3.0,2.0
7137,5.0,1400.0,600.0,2009.0,,,,522203006.0,522203.0,52.0,2.0,2.0,3.0,6.0
7139,6.0,5000.0,,2009.0,,,,522203006.0,522203.0,52.0,2.0,2.0,3.0,6.0
7150,1.0,500.0,400.0,2009.0,,,,522203010.0,522203.0,52.0,2.0,2.0,3.0,10.0
7210,4.0,878.0,,2009.0,,,,522204017.0,522204.0,52.0,2.0,2.0,4.0,17.0
7212,2.0,4000.0,1500.0,2009.0,,,,522204018.0,522204.0,52.0,2.0,2.0,4.0,18.0
7213,4.0,1800.0,600.0,2009.0,,,,522204018.0,522204.0,52.0,2.0,2.0,4.0,18.0
7214,5.0,5000.0,600.0,2009.0,,,,522204018.0,522204.0,52.0,2.0,2.0,4.0,18.0
7216,2.0,1500.0,,2009.0,,,,522204019.0,522204.0,52.0,2.0,2.0,4.0,19.0
7219,5.0,2000.0,1000.0,2009.0,,,,522204019.0,522204.0,52.0,2.0,2.0,4.0,19.0
7225,2.0,80.0,0.0,2009.0,,,,522204064.0,522204.0,52.0,2.0,2.0,4.0,64.0
7228,4.0,1000.0,500.0,2009.0,,,,522204121.0,522204.0,52.0,2.0,2.0,4.0,121.0
7253,2.0,3000.0,500.0,2009.0,,,,522301007.0,522301.0,52.0,2.0,3.0,1.0,7.0
7269,2.0,2000.0,500.0,2009.0,,,,522301010.0,522301.0,52.0,2.0,3.0,1.0,10.0
7285,1.0,25000.0,500.0,2009.0,,,,522301012.0,522301.0,52.0,2.0,3.0,1.0,12.0
7298,4.0,1300.0,200.0,2009.0,,,,522301015.0,522301.0,52.0,2.0,3.0,1.0,15.0
7313,6.0,1300.0,250.0,2009.0,,,,522301017.0,522301.0,52.0,2.0,3.0,1.0,17.0
7317,1.0,4000.0,1000.0,2009.0,,,,522301018.0,522301.0,52.0,2.0,3.0,1.0,18.0
7328,1.0,1000.0,300.0,2009.0,,,,522301019.0,522301.0,52.0,2.0,3.0,1.0,19.0
7345,1.0,1800.0,-9999.0,2009.0,,,,522301101.0,522301.0,52.0,2.0,3.0,1.0,101.0
7353,5.0,1500.0,0.0,2009.0,,,,522302001.0,522302.0,52.0,2.0,3.0,2.0,1.0
7356,5.0,1200.0,0.0,2009.0,,,,522302004.0,522302.0,52.0,2.0,3.0,2.0,4.0
7358,5.0,2000.0,,2009.0,,,,522302006.0,522302.0,52.0,2.0,3.0,2.0,6.0
7360,2.0,2200.0,0.0,2009.0,,,,522302007.0,522302.0,52.0,2.0,3.0,2.0,7.0
7362,5.0,1500.0,0.0,2009.0,,,,522302008.0,522302.0,52.0,2.0,3.0,2.0,8.0
7367,4.0,2000.0,500.0,2009.0,,,,522302013.0,522302.0,52.0,2.0,3.0,2.0,13.0
7388,5.0,1200.0,0.0,2009.0,,,,522302123.0,522302.0,52.0,2.0,3.0,2.0,123.0
7390,5.0,1500.0,0.0,2009.0,,,,522302124.0,522302.0,52.0,2.0,3.0,2.0,124.0
7399,2.0,1000.0,-9999.0,2009.0,,,,522303009.0,522303.0,52.0,2.0,3.0,3.0,9.0
7419,5.0,2200.0,0.0,2009.0,,,,522304001.0,522304.0,52.0,2.0,3.0,4.0,1.0
7424,5.0,1500.0,0.0,2009.0,,,,522304002.0,522304.0,52.0,2.0,3.0,4.0,2.0
7426,1.0,1000.0,50.0,2009.0,,,,522304003.0,522304.0,52.0,2.0,3.0,4.0,3.0
7432,5.0,1500.0,0.0,2009.0,,,,522304007.0,522304.0,52.0,2.0,3.0,4.0,7.0
7452,5.0,1200.0,-9999.0,2009.0,,,,522304121.0,522304.0,52.0,2.0,3.0,4.0,121.0
7483,1.0,3500.0,2000.0,2009.0,,,,522401043.0,522401.0,52.0,2.0,4.0,1.0,43.0
7494,1.0,1000.0,100.0,2009.0,,,,522401101.0,522401.0,52.0,2.0,4.0,1.0,101.0
7527,1.0,200.0,0.0,2009.0,,,,522402011.0,522402.0,52.0,2.0,4.0,2.0,11.0
7558,1.0,200.0,0.0,2009.0,,,,522402081.0,522402.0,52.0,2.0,4.0,2.0,81.0
7565,1.0,200.0,0.0,2009.0,,,,522403002.0,522403.0,52.0,2.0,4.0,3.0,2.0
7570,5.0,1000.0,0.0,2009.0,,,,522403002.0,522403.0,52.0,2.0,4.0,3.0,2.0
7586,1.0,300.0,-9999.0,2009.0,,,,522403011.0,522403.0,52.0,2.0,4.0,3.0,11.0
7609,1.0,4000.0,0.0,2009.0,,,,522403062.0,522403.0,52.0,2.0,4.0,3.0,62.0
7633,1.0,400.0,50.0,2009.0,,,,522404013.0,522404.0,52.0,2.0,4.0,4.0,13.0
7645,1.0,200.0,0.0,2009.0,,,,522404082.0,522404.0,52.0,2.0,4.0,4.0,82.0
7651,1.0,400.0,-9999.0,2009.0,,,,522404122.0,522404.0,52.0,2.0,4.0,4.0,122.0
